pm1_0_mass_conc,datetime
2.917520761489868,2023-08-29 09:06:32.581709
2.9368834495544434,2023-08-29 09:06:33.795668
2.9231984615325928,2023-08-29 09:06:35.004427
2.9054741859436035,2023-08-29 09:06:36.212329
2.832920551300049,2023-08-29 09:06:37.417481
2.7913787364959717,2023-08-29 09:06:38.626082
2.737346887588501,2023-08-29 09:06:39.838370
2.688800096511841,2023-08-29 09:06:41.046700
2.64518141746521,2023-08-29 09:06:42.254001
2.570779323577881,2023-08-29 09:06:43.461076
2.54667329788208,2023-08-29 09:06:44.669824
2.509211540222168,2023-08-29 09:06:45.879993
2.468837022781372,2023-08-29 09:06:47.085078
2.3769912719726562,2023-08-29 09:06:48.295103
2.349337100982666,2023-08-29 09:06:49.505846
2.333566904067993,2023-08-29 09:06:50.716444
2.304988384246826,2023-08-29 09:06:51.926847
2.2587897777557373,2023-08-29 09:06:53.134091
2.2411482334136963,2023-08-29 09:06:54.340833
2.2451469898223877,2023-08-29 09:06:55.545776
2.2409961223602295,2023-08-29 09:06:56.754155
2.230285406112671,2023-08-29 09:06:57.961666
2.2218995094299316,2023-08-29 09:06:59.169681
2.216742992401123,2023-08-29 09:07:00.378018
2.2045600414276123,2023-08-29 09:07:01.585872
2.2103002071380615,2023-08-29 09:07:02.795775
2.2154393196105957,2023-08-29 09:07:04.011526
2.2648251056671143,2023-08-29 09:07:05.224086
2.275214195251465,2023-08-29 09:07:06.433802
2.2910006046295166,2023-08-29 09:07:07.644396
2.2884085178375244,2023-08-29 09:07:08.855757
2.2860171794891357,2023-08-29 09:07:10.068027
2.3299782276153564,2023-08-29 09:07:11.277881
2.348365306854248,2023-08-29 09:07:12.486270
2.3623673915863037,2023-08-29 09:07:13.697708
2.365147352218628,2023-08-29 09:07:14.905410
2.358808994293213,2023-08-29 09:07:16.115295
2.327199935913086,2023-08-29 09:07:17.324493
2.318081855773926,2023-08-29 09:07:18.535900
2.302577018737793,2023-08-29 09:07:19.747328
2.911137819290161,2023-08-29 09:07:20.955556
26.03907585144043,2023-08-29 09:07:22.166496
40.92408752441406,2023-08-29 09:07:23.378471
80.5667953491211,2023-08-29 09:07:24.591589
94.80984497070312,2023-08-29 09:07:25.799582
101.17059326171875,2023-08-29 09:07:27.009147
102.96044158935547,2023-08-29 09:07:28.218062
114.86335754394531,2023-08-29 09:07:29.425444
132.3056182861328,2023-08-29 09:07:30.633111
162.5783233642578,2023-08-29 09:07:31.842430
183.82284545898438,2023-08-29 09:07:33.050575
194.39602661132812,2023-08-29 09:07:34.262337
205.29627990722656,2023-08-29 09:07:35.475478
231.38534545898438,2023-08-29 09:07:36.680868
239.78746032714844,2023-08-29 09:07:37.889230
212.40867614746094,2023-08-29 09:07:39.100108
190.99368286132812,2023-08-29 09:07:40.309056
183.0838165283203,2023-08-29 09:07:41.518178
179.22760009765625,2023-08-29 09:07:42.726335
176.94891357421875,2023-08-29 09:07:43.935320
170.06365966796875,2023-08-29 09:07:45.142174
175.7156219482422,2023-08-29 09:07:46.353264
178.45159912109375,2023-08-29 09:07:47.562498
232.8148193359375,2023-08-29 09:07:48.772927
325.84222412109375,2023-08-29 09:07:49.980906
657.7244262695312,2023-08-29 09:07:51.190597
974.8135375976562,2023-08-29 09:07:52.399989
914.1748657226562,2023-08-29 09:07:53.608937
815.6505126953125,2023-08-29 09:07:54.814317
748.0947875976562,2023-08-29 09:07:56.022083
792.049560546875,2023-08-29 09:07:57.238220
740.643310546875,2023-08-29 09:07:58.447735
751.0234375,2023-08-29 09:07:59.652358
610.7828979492188,2023-08-29 09:08:00.862983
419.78826904296875,2023-08-29 09:08:02.068769
337.4485778808594,2023-08-29 09:08:03.272895
308.6575927734375,2023-08-29 09:08:04.481249
333.8514099121094,2023-08-29 09:08:05.691140
348.97784423828125,2023-08-29 09:08:06.900435
316.36639404296875,2023-08-29 09:08:08.105688
293.1856384277344,2023-08-29 09:08:09.313757
257.7042236328125,2023-08-29 09:08:10.523584
224.25088500976562,2023-08-29 09:08:11.735422
194.1499786376953,2023-08-29 09:08:12.944873
167.80262756347656,2023-08-29 09:08:14.154943
158.5162811279297,2023-08-29 09:08:15.359917
156.9944610595703,2023-08-29 09:08:16.565494
157.25205993652344,2023-08-29 09:08:17.772673
161.86106872558594,2023-08-29 09:08:18.979916
173.8719024658203,2023-08-29 09:08:20.187128
177.5985870361328,2023-08-29 09:08:21.397540
179.3472442626953,2023-08-29 09:08:22.603769
180.09432983398438,2023-08-29 09:08:23.817151
183.32606506347656,2023-08-29 09:08:25.029451
184.5951690673828,2023-08-29 09:08:26.242913
186.30874633789062,2023-08-29 09:08:27.451794
186.9527587890625,2023-08-29 09:08:28.657358
187.39883422851562,2023-08-29 09:08:29.867490
188.32481384277344,2023-08-29 09:08:31.076464
188.4595184326172,2023-08-29 09:08:32.285342
187.85107421875,2023-08-29 09:08:33.494163
187.56483459472656,2023-08-29 09:08:34.704235
187.1047821044922,2023-08-29 09:08:35.915125
186.4536895751953,2023-08-29 09:08:37.126658
186.1632080078125,2023-08-29 09:08:38.334264
186.13201904296875,2023-08-29 09:08:39.541720
186.00616455078125,2023-08-29 09:08:40.751528
185.8422088623047,2023-08-29 09:08:41.958580
185.0489501953125,2023-08-29 09:08:43.168646
184.39340209960938,2023-08-29 09:08:44.383081
184.07835388183594,2023-08-29 09:08:45.592617
183.46168518066406,2023-08-29 09:08:46.799069
182.7786865234375,2023-08-29 09:08:48.012205
182.4458465576172,2023-08-29 09:08:49.221504
182.50559997558594,2023-08-29 09:08:50.425448
182.52394104003906,2023-08-29 09:08:51.636204
182.31260681152344,2023-08-29 09:08:52.845789
182.67453002929688,2023-08-29 09:08:54.058731
182.7227325439453,2023-08-29 09:08:55.270098
182.5116424560547,2023-08-29 09:08:56.480224
182.4228057861328,2023-08-29 09:08:57.694506
182.30186462402344,2023-08-29 09:08:58.903173
181.98745727539062,2023-08-29 09:09:00.112938
181.5473175048828,2023-08-29 09:09:01.318321
181.10873413085938,2023-08-29 09:09:02.528116
180.70387268066406,2023-08-29 09:09:03.735046
180.210693359375,2023-08-29 09:09:04.944664
180.03785705566406,2023-08-29 09:09:06.155880
179.881591796875,2023-08-29 09:09:07.364657
179.47657775878906,2023-08-29 09:09:08.570916
178.9862060546875,2023-08-29 09:09:09.777690
178.17288208007812,2023-08-29 09:09:10.992610
177.8406982421875,2023-08-29 09:09:12.201983
177.45445251464844,2023-08-29 09:09:13.412032
177.0561981201172,2023-08-29 09:09:14.623969
177.1255645751953,2023-08-29 09:09:15.835184
177.3112030029297,2023-08-29 09:09:17.044948
177.04551696777344,2023-08-29 09:09:18.253823
176.8772430419922,2023-08-29 09:09:19.463131
176.4624786376953,2023-08-29 09:09:20.677384
176.24533081054688,2023-08-29 09:09:21.887623
176.40394592285156,2023-08-29 09:09:23.097233
176.5865020751953,2023-08-29 09:09:24.310673
176.60687255859375,2023-08-29 09:09:25.521015
176.2155303955078,2023-08-29 09:09:26.735164
175.2350311279297,2023-08-29 09:09:27.947651
174.87509155273438,2023-08-29 09:09:29.157871
174.81790161132812,2023-08-29 09:09:30.367768
174.8119659423828,2023-08-29 09:09:31.578392
174.80601501464844,2023-08-29 09:09:32.789272
174.6183624267578,2023-08-29 09:09:34.003265
174.7586669921875,2023-08-29 09:09:35.213916
174.7350616455078,2023-08-29 09:09:36.428082
174.6996612548828,2023-08-29 09:09:37.642840
174.6173858642578,2023-08-29 09:09:38.851479
174.95054626464844,2023-08-29 09:09:40.063193
175.00686645507812,2023-08-29 09:09:41.272112
174.78904724121094,2023-08-29 09:09:42.482487
174.7154541015625,2023-08-29 09:09:43.688626
174.3625946044922,2023-08-29 09:09:44.896202
174.1862030029297,2023-08-29 09:09:46.104013
173.84628295898438,2023-08-29 09:09:47.311807
173.62347412109375,2023-08-29 09:09:48.523347
173.7669219970703,2023-08-29 09:09:49.730470
174.0059814453125,2023-08-29 09:09:50.938141
173.95777893066406,2023-08-29 09:09:52.147834
173.97019958496094,2023-08-29 09:09:53.362320
174.19073486328125,2023-08-29 09:09:54.566850
174.61795043945312,2023-08-29 09:09:55.776060
175.03787231445312,2023-08-29 09:09:56.987334
175.02235412597656,2023-08-29 09:09:58.194894
174.97340393066406,2023-08-29 09:09:59.403038
174.84812927246094,2023-08-29 09:10:00.612919
174.89749145507812,2023-08-29 09:10:01.824369
174.8896942138672,2023-08-29 09:10:03.032961
174.7022705078125,2023-08-29 09:10:04.245360
174.55311584472656,2023-08-29 09:10:05.455293
174.84217834472656,2023-08-29 09:10:06.668437
175.48614501953125,2023-08-29 09:10:07.881944
175.65342712402344,2023-08-29 09:10:09.087088
175.5890350341797,2023-08-29 09:10:10.301219
175.36026000976562,2023-08-29 09:10:11.506984
175.05862426757812,2023-08-29 09:10:12.720576
174.15969848632812,2023-08-29 09:10:13.932537
173.77536010742188,2023-08-29 09:10:15.141365
173.37693786621094,2023-08-29 09:10:16.351132
173.04266357421875,2023-08-29 09:10:17.561041
172.82302856445312,2023-08-29 09:10:18.766977
172.8047332763672,2023-08-29 09:10:19.972981
172.83587646484375,2023-08-29 09:10:21.185709
173.21315002441406,2023-08-29 09:10:22.397111
173.3758544921875,2023-08-29 09:10:23.609847
173.8488311767578,2023-08-29 09:10:24.820376
174.3465118408203,2023-08-29 09:10:26.030710
174.64341735839844,2023-08-29 09:10:27.242134
175.03489685058594,2023-08-29 09:10:28.453331
175.30831909179688,2023-08-29 09:10:29.659479
175.74093627929688,2023-08-29 09:10:30.865599
176.08863830566406,2023-08-29 09:10:32.073628
176.263671875,2023-08-29 09:10:33.285335
176.36492919921875,2023-08-29 09:10:34.499913
176.4578857421875,2023-08-29 09:10:35.710590
176.66494750976562,2023-08-29 09:10:36.919795
176.07180786132812,2023-08-29 09:10:38.133711
175.39488220214844,2023-08-29 09:10:39.344756
174.58828735351562,2023-08-29 09:10:40.555450
173.87872314453125,2023-08-29 09:10:41.769134
173.1898193359375,2023-08-29 09:10:42.982068
172.98704528808594,2023-08-29 09:10:44.194220
172.67843627929688,2023-08-29 09:10:45.407068
172.4578399658203,2023-08-29 09:10:46.623320
171.45706176757812,2023-08-29 09:10:47.834276
170.7876739501953,2023-08-29 09:10:49.039461
170.3413543701172,2023-08-29 09:10:50.249979
170.2086181640625,2023-08-29 09:10:51.459480
170.13900756835938,2023-08-29 09:10:52.671240
169.2998504638672,2023-08-29 09:10:53.883188
169.31016540527344,2023-08-29 09:10:55.094236
169.22348022460938,2023-08-29 09:10:56.301323
169.16275024414062,2023-08-29 09:10:57.514352
168.62574768066406,2023-08-29 09:10:58.720593
168.2779541015625,2023-08-29 09:10:59.929757
167.8533477783203,2023-08-29 09:11:01.140713
167.80902099609375,2023-08-29 09:11:02.350863
168.04713439941406,2023-08-29 09:11:03.562005
167.77964782714844,2023-08-29 09:11:04.777195
167.58921813964844,2023-08-29 09:11:05.985794
167.6230010986328,2023-08-29 09:11:07.190952
167.96322631835938,2023-08-29 09:11:08.399494
168.197509765625,2023-08-29 09:11:09.612531
168.0535888671875,2023-08-29 09:11:10.819942
167.8389434814453,2023-08-29 09:11:12.031587
167.3256378173828,2023-08-29 09:11:13.246519
167.0918731689453,2023-08-29 09:11:14.460458
166.59991455078125,2023-08-29 09:11:15.665304
166.32098388671875,2023-08-29 09:11:16.873622
165.79348754882812,2023-08-29 09:11:18.083887
165.16163635253906,2023-08-29 09:11:19.294515
164.46315002441406,2023-08-29 09:11:20.506164
163.45806884765625,2023-08-29 09:11:21.713920
162.9678192138672,2023-08-29 09:11:22.923069
162.99380493164062,2023-08-29 09:11:24.133472
163.19479370117188,2023-08-29 09:11:25.344041
164.01614379882812,2023-08-29 09:11:26.553609
169.13844299316406,2023-08-29 09:11:27.765049
172.8852996826172,2023-08-29 09:11:28.977414
175.1143798828125,2023-08-29 09:11:30.183152
176.68714904785156,2023-08-29 09:11:31.390937
177.3001251220703,2023-08-29 09:11:32.602346
177.80699157714844,2023-08-29 09:11:33.810687
178.4372100830078,2023-08-29 09:11:35.019656
179.9267120361328,2023-08-29 09:11:36.225785
180.6273956298828,2023-08-29 09:11:37.438763
181.8883514404297,2023-08-29 09:11:38.646037
182.1328887939453,2023-08-29 09:11:39.854569
182.03146362304688,2023-08-29 09:11:41.066774
181.7020721435547,2023-08-29 09:11:42.272706
181.0765380859375,2023-08-29 09:11:43.482196
180.3161163330078,2023-08-29 09:11:44.692306
188.74180603027344,2023-08-29 09:11:45.900605
197.2261505126953,2023-08-29 09:11:47.113004
208.16622924804688,2023-08-29 09:11:48.323128
214.07191467285156,2023-08-29 09:11:49.534965
211.256103515625,2023-08-29 09:11:50.743067
211.08360290527344,2023-08-29 09:11:51.947676
209.69070434570312,2023-08-29 09:11:53.155764
207.114013671875,2023-08-29 09:11:54.367758
203.9975128173828,2023-08-29 09:11:55.578745
200.21453857421875,2023-08-29 09:11:56.794745
198.9168701171875,2023-08-29 09:11:58.005565
198.23361206054688,2023-08-29 09:11:59.218171
197.70089721679688,2023-08-29 09:12:00.424639
197.1688232421875,2023-08-29 09:12:01.632860
196.74246215820312,2023-08-29 09:12:02.840871
196.1226348876953,2023-08-29 09:12:04.050125
195.55921936035156,2023-08-29 09:12:05.267478
195.93377685546875,2023-08-29 09:12:06.475353
196.67153930664062,2023-08-29 09:12:07.683926
196.98361206054688,2023-08-29 09:12:08.890341
196.98443603515625,2023-08-29 09:12:10.099698
197.30413818359375,2023-08-29 09:12:11.312315
197.8525390625,2023-08-29 09:12:12.521561
198.31590270996094,2023-08-29 09:12:13.730582
198.19082641601562,2023-08-29 09:12:14.943983
198.05616760253906,2023-08-29 09:12:16.153975
197.90945434570312,2023-08-29 09:12:17.363985
198.7270050048828,2023-08-29 09:12:18.575082
199.52249145507812,2023-08-29 09:12:19.780921
200.1893310546875,2023-08-29 09:12:20.995814
200.538330078125,2023-08-29 09:12:22.206224
157.5454559326172,2023-08-29 09:12:23.414548
76.8548355102539,2023-08-29 09:12:24.621082
51.60882568359375,2023-08-29 09:12:25.832372
36.13407897949219,2023-08-29 09:12:27.037772
25.61029052734375,2023-08-29 09:12:28.247738
19.204967498779297,2023-08-29 09:12:29.460627
12.634215354919434,2023-08-29 09:12:30.672471
10.625092506408691,2023-08-29 09:12:31.883536
9.19509220123291,2023-08-29 09:12:33.098159
7.555091381072998,2023-08-29 09:12:34.307400
6.554591655731201,2023-08-29 09:12:35.516426
6.3622565269470215,2023-08-29 09:12:36.726629
6.341111660003662,2023-08-29 09:12:37.932934
6.305552005767822,2023-08-29 09:12:39.141098
6.243783473968506,2023-08-29 09:12:40.357156
6.314259052276611,2023-08-29 09:12:41.565913
6.421478748321533,2023-08-29 09:12:42.777434
6.612907886505127,2023-08-29 09:12:43.994503
37.870460510253906,2023-08-29 09:12:45.208204
81.4103012084961,2023-08-29 09:12:46.424925
146.01519775390625,2023-08-29 09:12:47.638452
145.55288696289062,2023-08-29 09:12:48.847771
156.91226196289062,2023-08-29 09:12:50.056987
170.1609649658203,2023-08-29 09:12:51.267412
190.64596557617188,2023-08-29 09:12:52.478587
195.52346801757812,2023-08-29 09:12:53.694135
204.33734130859375,2023-08-29 09:12:54.907631
205.4900360107422,2023-08-29 09:12:56.120098
204.12115478515625,2023-08-29 09:12:57.337110
208.0066680908203,2023-08-29 09:12:58.541768
207.40402221679688,2023-08-29 09:12:59.752947
205.11611938476562,2023-08-29 09:13:00.963065
202.8330535888672,2023-08-29 09:13:02.175424
203.4423370361328,2023-08-29 09:13:03.384926
198.6205291748047,2023-08-29 09:13:04.590492
197.64036560058594,2023-08-29 09:13:05.803764
195.7192840576172,2023-08-29 09:13:07.014321
193.72679138183594,2023-08-29 09:13:08.221788
193.04714965820312,2023-08-29 09:13:09.434414
193.08331298828125,2023-08-29 09:13:10.648232
193.766845703125,2023-08-29 09:13:11.853680
194.4713897705078,2023-08-29 09:13:13.060768
200.61021423339844,2023-08-29 09:13:14.270722
259.4726867675781,2023-08-29 09:13:15.480642
273.5592956542969,2023-08-29 09:13:16.696404
271.8817138671875,2023-08-29 09:13:17.908159
265.65374755859375,2023-08-29 09:13:19.121587
268.80450439453125,2023-08-29 09:13:20.335731
277.7663879394531,2023-08-29 09:13:21.544454
280.9276428222656,2023-08-29 09:13:22.755042
282.69073486328125,2023-08-29 09:13:23.965155
287.1548156738281,2023-08-29 09:13:25.180800
291.0609436035156,2023-08-29 09:13:26.390716
293.1668701171875,2023-08-29 09:13:27.603271
294.08941650390625,2023-08-29 09:13:28.815109
295.4282531738281,2023-08-29 09:13:30.026470
298.04766845703125,2023-08-29 09:13:31.235199
303.1285705566406,2023-08-29 09:13:32.445145
313.1018371582031,2023-08-29 09:13:33.656858
326.18304443359375,2023-08-29 09:13:34.866492
351.64593505859375,2023-08-29 09:13:36.077611
406.71429443359375,2023-08-29 09:13:37.289890
431.37548828125,2023-08-29 09:13:38.500489
414.8218078613281,2023-08-29 09:13:39.709578
390.8764343261719,2023-08-29 09:13:40.922466
397.6880798339844,2023-08-29 09:13:42.130835
396.20623779296875,2023-08-29 09:13:43.338903
400.88763427734375,2023-08-29 09:13:44.545728
404.8797607421875,2023-08-29 09:13:45.757572
411.908447265625,2023-08-29 09:13:46.966672
420.11669921875,2023-08-29 09:13:48.176847
423.3742980957031,2023-08-29 09:13:49.384014
421.3893127441406,2023-08-29 09:13:50.594350
419.2449035644531,2023-08-29 09:13:51.808524
416.82501220703125,2023-08-29 09:13:53.018052
414.61822509765625,2023-08-29 09:13:54.234773
410.4368896484375,2023-08-29 09:13:55.447591
409.47625732421875,2023-08-29 09:13:56.657141
408.6131896972656,2023-08-29 09:13:57.864399
408.1492919921875,2023-08-29 09:13:59.074752
407.7349548339844,2023-08-29 09:14:00.284968
407.9849548339844,2023-08-29 09:14:01.496359
408.1132507324219,2023-08-29 09:14:02.704263
408.0100402832031,2023-08-29 09:14:03.917430
408.63623046875,2023-08-29 09:14:05.126425
409.5455627441406,2023-08-29 09:14:06.336201
411.0224304199219,2023-08-29 09:14:07.547311
411.11083984375,2023-08-29 09:14:08.759572
411.8170471191406,2023-08-29 09:14:09.970025
411.6932067871094,2023-08-29 09:14:11.180777
412.4431457519531,2023-08-29 09:14:12.393186
412.91876220703125,2023-08-29 09:14:13.603755
413.96551513671875,2023-08-29 09:14:14.810024
414.76947021484375,2023-08-29 09:14:16.020971
415.0685119628906,2023-08-29 09:14:17.229699
414.8627014160156,2023-08-29 09:14:18.440051
414.60626220703125,2023-08-29 09:14:19.646350
415.2518005371094,2023-08-29 09:14:20.856062
414.4028625488281,2023-08-29 09:14:22.064751
413.7975769042969,2023-08-29 09:14:23.279641
410.9725646972656,2023-08-29 09:14:24.492932
409.4363708496094,2023-08-29 09:14:25.704367
408.84490966796875,2023-08-29 09:14:26.911502
408.9277038574219,2023-08-29 09:14:28.123674
408.64996337890625,2023-08-29 09:14:29.329679
386.7396545410156,2023-08-29 09:14:30.539406
293.31402587890625,2023-08-29 09:14:31.753896
205.26519775390625,2023-08-29 09:14:32.968540
138.31700134277344,2023-08-29 09:14:34.180099
61.83411407470703,2023-08-29 09:14:35.388522
40.088993072509766,2023-08-29 09:14:36.596860
26.166364669799805,2023-08-29 09:14:37.808333
19.57203483581543,2023-08-29 09:14:39.020457
15.95834732055664,2023-08-29 09:14:40.232379
14.965242385864258,2023-08-29 09:14:41.443632
13.040307998657227,2023-08-29 09:14:42.654566
11.221145629882812,2023-08-29 09:14:43.867246
16.38126564025879,2023-08-29 09:14:45.080653
19.846221923828125,2023-08-29 09:14:46.287045
25.78788948059082,2023-08-29 09:14:47.492614
26.470632553100586,2023-08-29 09:14:48.703038
24.814903259277344,2023-08-29 09:14:49.911865
23.967527389526367,2023-08-29 09:14:51.122511
21.0230655670166,2023-08-29 09:14:52.331046
19.671207427978516,2023-08-29 09:14:53.541528
18.744203567504883,2023-08-29 09:14:54.752596
18.436010360717773,2023-08-29 09:14:55.961056
18.620851516723633,2023-08-29 09:14:57.172375
32.2608757019043,2023-08-29 09:14:58.386959
35.303428649902344,2023-08-29 09:14:59.601122
99.06607055664062,2023-08-29 09:15:00.813161
194.66676330566406,2023-08-29 09:15:02.025769
271.6285705566406,2023-08-29 09:15:03.241101
344.735595703125,2023-08-29 09:15:04.451153
358.3293151855469,2023-08-29 09:15:05.662301
367.26727294921875,2023-08-29 09:15:06.870924
364.95050048828125,2023-08-29 09:15:08.081410
366.9179992675781,2023-08-29 09:15:09.295058
379.2353210449219,2023-08-29 09:15:10.508172
366.40240478515625,2023-08-29 09:15:11.718945
368.919921875,2023-08-29 09:15:12.928575
370.81549072265625,2023-08-29 09:15:14.144380
375.7978820800781,2023-08-29 09:15:15.355623
377.1188049316406,2023-08-29 09:15:16.564907
375.9932861328125,2023-08-29 09:15:17.775692
378.86279296875,2023-08-29 09:15:18.988082
377.6727294921875,2023-08-29 09:15:20.200358
380.10491943359375,2023-08-29 09:15:21.412306
380.1207275390625,2023-08-29 09:15:22.622056
380.04449462890625,2023-08-29 09:15:23.830407
378.63037109375,2023-08-29 09:15:25.045822
376.6026611328125,2023-08-29 09:15:26.260266
375.9847106933594,2023-08-29 09:15:27.471828
376.4381408691406,2023-08-29 09:15:28.688732
376.2869873046875,2023-08-29 09:15:29.901493
375.3400573730469,2023-08-29 09:15:31.111304
373.3552551269531,2023-08-29 09:15:32.321862
372.19012451171875,2023-08-29 09:15:33.530966
370.822265625,2023-08-29 09:15:34.741954
369.9645690917969,2023-08-29 09:15:35.953302
369.4844055175781,2023-08-29 09:15:37.161216
368.31024169921875,2023-08-29 09:15:38.371295
368.1933898925781,2023-08-29 09:15:39.578055
368.1933898925781,2023-08-29 09:15:40.791251
368.1576232910156,2023-08-29 09:15:42.002274
368.2168273925781,2023-08-29 09:15:43.209529
368.05120849609375,2023-08-29 09:15:44.421907
367.7643737792969,2023-08-29 09:15:45.634098
367.66253662109375,2023-08-29 09:15:46.844404
367.3706359863281,2023-08-29 09:15:48.053648
366.3470764160156,2023-08-29 09:15:49.266276
365.7713928222656,2023-08-29 09:15:50.481109
365.72137451171875,2023-08-29 09:15:51.692101
365.7887268066406,2023-08-29 09:15:52.904443
365.53997802734375,2023-08-29 09:15:54.117736
319.5311279296875,2023-08-29 09:15:55.325911
239.77212524414062,2023-08-29 09:15:56.536185
169.63539123535156,2023-08-29 09:15:57.742736
116.97704315185547,2023-08-29 09:15:58.957365
83.21269226074219,2023-08-29 09:16:00.172482
45.23925018310547,2023-08-29 09:16:01.383385
32.972076416015625,2023-08-29 09:16:02.598476
26.217262268066406,2023-08-29 09:16:03.809071
20.643455505371094,2023-08-29 09:16:05.020526
16.58509063720703,2023-08-29 09:16:06.229141
14.433751106262207,2023-08-29 09:16:07.442649
13.626944541931152,2023-08-29 09:16:08.657516
12.678123474121094,2023-08-29 09:16:09.868935
11.457173347473145,2023-08-29 09:16:11.078579
10.414706230163574,2023-08-29 09:16:12.289244
10.391953468322754,2023-08-29 09:16:13.499689
10.481697082519531,2023-08-29 09:16:14.710836
10.760451316833496,2023-08-29 09:16:15.920498
10.940738677978516,2023-08-29 09:16:17.132147
11.225717544555664,2023-08-29 09:16:18.339582
11.440459251403809,2023-08-29 09:16:19.550292
11.730011940002441,2023-08-29 09:16:20.761079
11.919357299804688,2023-08-29 09:16:21.974565
75.01861572265625,2023-08-29 09:16:23.184201
135.53836059570312,2023-08-29 09:16:24.401773
178.6683807373047,2023-08-29 09:16:25.619206
210.02426147460938,2023-08-29 09:16:26.833339
236.28469848632812,2023-08-29 09:16:28.043927
277.4105224609375,2023-08-29 09:16:29.256112
297.28521728515625,2023-08-29 09:16:30.467032
308.8835754394531,2023-08-29 09:16:31.676167
316.49871826171875,2023-08-29 09:16:32.886797
336.28973388671875,2023-08-29 09:16:34.094675
338.9912109375,2023-08-29 09:16:35.307693
340.48370361328125,2023-08-29 09:16:36.518366
336.5999755859375,2023-08-29 09:16:37.727549
333.7467346191406,2023-08-29 09:16:38.937986
337.1836853027344,2023-08-29 09:16:40.149033
337.4680480957031,2023-08-29 09:16:41.357522
335.17108154296875,2023-08-29 09:16:42.571256
334.19610595703125,2023-08-29 09:16:43.781350
333.98760986328125,2023-08-29 09:16:44.992691
331.71630859375,2023-08-29 09:16:46.204113
331.1158447265625,2023-08-29 09:16:47.416306
329.8970031738281,2023-08-29 09:16:48.628994
329.0911865234375,2023-08-29 09:16:49.847599
328.6316833496094,2023-08-29 09:16:51.057203
328.0927429199219,2023-08-29 09:16:52.264061
328.3579406738281,2023-08-29 09:16:53.472661
328.6534118652344,2023-08-29 09:16:54.684624
328.90252685546875,2023-08-29 09:16:55.895943
329.0908203125,2023-08-29 09:16:57.110178
335.60894775390625,2023-08-29 09:16:58.321850
384.5842590332031,2023-08-29 09:16:59.531240
424.887451171875,2023-08-29 09:17:00.742337
444.4394836425781,2023-08-29 09:17:01.951671
414.5882873535156,2023-08-29 09:17:03.164300
398.409912109375,2023-08-29 09:17:04.374040
391.7667236328125,2023-08-29 09:17:05.583820
387.6471252441406,2023-08-29 09:17:06.795528
385.8115234375,2023-08-29 09:17:08.006380
379.03277587890625,2023-08-29 09:17:09.215296
376.83380126953125,2023-08-29 09:17:10.427792
375.6614074707031,2023-08-29 09:17:11.640339
376.2889099121094,2023-08-29 09:17:12.847256
377.5638427734375,2023-08-29 09:17:14.061199
378.794921875,2023-08-29 09:17:15.272849
379.70166015625,2023-08-29 09:17:16.482737
381.240966796875,2023-08-29 09:17:17.689665
387.8081970214844,2023-08-29 09:17:18.901736
399.9900817871094,2023-08-29 09:17:20.118172
406.560791015625,2023-08-29 09:17:21.328473
414.944580078125,2023-08-29 09:17:22.539677
423.6837463378906,2023-08-29 09:17:23.755311
429.7972717285156,2023-08-29 09:17:24.966352
438.51092529296875,2023-08-29 09:17:26.178412
442.56243896484375,2023-08-29 09:17:27.392563
449.3488464355469,2023-08-29 09:17:28.602860
456.548828125,2023-08-29 09:17:29.819496
461.1365661621094,2023-08-29 09:17:31.029673
465.5187072753906,2023-08-29 09:17:32.241586
465.6982116699219,2023-08-29 09:17:33.450429
465.2725830078125,2023-08-29 09:17:34.659012
464.0457458496094,2023-08-29 09:17:35.868260
461.4405212402344,2023-08-29 09:17:37.076971
460.8256530761719,2023-08-29 09:17:38.287794
460.4085998535156,2023-08-29 09:17:39.498997
460.4502868652344,2023-08-29 09:17:40.710820
459.8197937011719,2023-08-29 09:17:41.924442
458.44207763671875,2023-08-29 09:17:43.136287
457.7618103027344,2023-08-29 09:17:44.347739
456.32275390625,2023-08-29 09:17:45.555853
455.95465087890625,2023-08-29 09:17:46.770306
455.31268310546875,2023-08-29 09:17:47.982979
453.5738830566406,2023-08-29 09:17:49.197805
452.4090576171875,2023-08-29 09:17:50.412098
450.4476013183594,2023-08-29 09:17:51.621101
449.8474426269531,2023-08-29 09:17:52.832693
448.7010803222656,2023-08-29 09:17:54.042965
448.4065856933594,2023-08-29 09:17:55.260411
447.5138244628906,2023-08-29 09:17:56.475818
447.3236389160156,2023-08-29 09:17:57.686710
447.191162109375,2023-08-29 09:17:58.895075
447.8125915527344,2023-08-29 09:18:00.105384
447.8227233886719,2023-08-29 09:18:01.317472
376.6241149902344,2023-08-29 09:18:02.526074
285.3271789550781,2023-08-29 09:18:03.738497
202.5208740234375,2023-08-29 09:18:04.948984
98.1285629272461,2023-08-29 09:18:06.160386
71.13238525390625,2023-08-29 09:18:07.370807
54.85000991821289,2023-08-29 09:18:08.579826
42.05979919433594,2023-08-29 09:18:09.791896
26.173919677734375,2023-08-29 09:18:11.001603
23.32571029663086,2023-08-29 09:18:12.213060
23.733863830566406,2023-08-29 09:18:13.423909
25.890180587768555,2023-08-29 09:18:14.639497
24.241790771484375,2023-08-29 09:18:15.846779
26.742380142211914,2023-08-29 09:18:17.054086
27.01525115966797,2023-08-29 09:18:18.272097
26.928598403930664,2023-08-29 09:18:19.483164
26.87163543701172,2023-08-29 09:18:20.697521
26.728593826293945,2023-08-29 09:18:21.910876
26.410457611083984,2023-08-29 09:18:23.116949
26.224916458129883,2023-08-29 09:18:24.330484
26.25949478149414,2023-08-29 09:18:25.542848
27.207483291625977,2023-08-29 09:18:26.753084
91.229736328125,2023-08-29 09:18:27.964417
174.2115478515625,2023-08-29 09:18:29.175813
204.38954162597656,2023-08-29 09:18:30.392546
246.1398162841797,2023-08-29 09:18:31.605789
282.20361328125,2023-08-29 09:18:32.818055
363.126220703125,2023-08-29 09:18:34.027258
381.90045166015625,2023-08-29 09:18:35.239456
396.5998840332031,2023-08-29 09:18:36.452723
402.4818115234375,2023-08-29 09:18:37.663578
407.5707092285156,2023-08-29 09:18:38.874743
410.8768005371094,2023-08-29 09:18:40.085482
426.4434814453125,2023-08-29 09:18:41.296911
430.8593444824219,2023-08-29 09:18:42.513448
428.08001708984375,2023-08-29 09:18:43.722339
426.37908935546875,2023-08-29 09:18:44.930053
423.3868408203125,2023-08-29 09:18:46.137980
427.5081481933594,2023-08-29 09:18:47.353964
428.20428466796875,2023-08-29 09:18:48.567768
428.3586120605469,2023-08-29 09:18:49.778424
432.5453796386719,2023-08-29 09:18:50.991927
433.6556396484375,2023-08-29 09:18:52.207240
433.18682861328125,2023-08-29 09:18:53.420295
432.6988830566406,2023-08-29 09:18:54.632668
431.74200439453125,2023-08-29 09:18:55.846249
429.339111328125,2023-08-29 09:18:57.057525
428.9302062988281,2023-08-29 09:18:58.272572
428.7463073730469,2023-08-29 09:18:59.482570
427.60162353515625,2023-08-29 09:19:00.693151
426.92706298828125,2023-08-29 09:19:01.903882
427.4745178222656,2023-08-29 09:19:03.117350
427.554443359375,2023-08-29 09:19:04.325376
427.2384338378906,2023-08-29 09:19:05.539574
427.32232666015625,2023-08-29 09:19:06.749807
426.5331726074219,2023-08-29 09:19:07.959618
424.9720764160156,2023-08-29 09:19:09.173476
423.7335205078125,2023-08-29 09:19:10.385062
421.9891052246094,2023-08-29 09:19:11.599290
421.0700378417969,2023-08-29 09:19:12.807750
419.0566711425781,2023-08-29 09:19:14.020653
418.36029052734375,2023-08-29 09:19:15.230429
417.6786804199219,2023-08-29 09:19:16.444800
417.3123474121094,2023-08-29 09:19:17.653039
416.926025390625,2023-08-29 09:19:18.864305
416.6114807128906,2023-08-29 09:19:20.072774
416.7166442871094,2023-08-29 09:19:21.282909
416.72393798828125,2023-08-29 09:19:22.501239
416.15277099609375,2023-08-29 09:19:23.708700
414.7211608886719,2023-08-29 09:19:24.920081
414.76055908203125,2023-08-29 09:19:26.132254
414.29949951171875,2023-08-29 09:19:27.342987
356.47747802734375,2023-08-29 09:19:28.549707
271.19677734375,2023-08-29 09:19:29.760572
135.39834594726562,2023-08-29 09:19:30.969377
93.1281509399414,2023-08-29 09:19:32.180922
65.73416900634766,2023-08-29 09:19:33.390895
50.957130432128906,2023-08-29 09:19:34.602325
37.286033630371094,2023-08-29 09:19:35.813829
22.253009796142578,2023-08-29 09:19:37.023480
18.59910774230957,2023-08-29 09:19:38.233252
17.210962295532227,2023-08-29 09:19:39.442656
16.35675048828125,2023-08-29 09:19:40.651936
13.248790740966797,2023-08-29 09:19:41.868097
12.036735534667969,2023-08-29 09:19:43.082119
17.076480865478516,2023-08-29 09:19:44.298159
17.93006134033203,2023-08-29 09:19:45.512415
17.791507720947266,2023-08-29 09:19:46.724106
18.194107055664062,2023-08-29 09:19:47.933243
18.522497177124023,2023-08-29 09:19:49.149090
18.688379287719727,2023-08-29 09:19:50.365672
19.229812622070312,2023-08-29 09:19:51.573467
66.7386245727539,2023-08-29 09:19:52.783464
190.37266540527344,2023-08-29 09:19:53.994693
233.81988525390625,2023-08-29 09:19:55.210242
270.30230712890625,2023-08-29 09:19:56.425451
304.36444091796875,2023-08-29 09:19:57.641427
327.6156311035156,2023-08-29 09:19:58.859302
349.7451171875,2023-08-29 09:20:00.073562
368.4629821777344,2023-08-29 09:20:01.284102
384.1924743652344,2023-08-29 09:20:02.493439
396.9763488769531,2023-08-29 09:20:03.705940
415.800537109375,2023-08-29 09:20:04.916433
417.28369140625,2023-08-29 09:20:06.132093
411.1536865234375,2023-08-29 09:20:07.349658
410.49652099609375,2023-08-29 09:20:08.557102
414.20635986328125,2023-08-29 09:20:09.769992
409.1781005859375,2023-08-29 09:20:10.978883
404.7449645996094,2023-08-29 09:20:12.191196
402.5246276855469,2023-08-29 09:20:13.401816
399.8226623535156,2023-08-29 09:20:14.612694
395.52685546875,2023-08-29 09:20:15.825003
394.125732421875,2023-08-29 09:20:17.038950
392.8586730957031,2023-08-29 09:20:18.254571
391.5548095703125,2023-08-29 09:20:19.464552
390.9833984375,2023-08-29 09:20:20.677110
390.8595275878906,2023-08-29 09:20:21.886892
390.1681823730469,2023-08-29 09:20:23.097376
389.86187744140625,2023-08-29 09:20:24.308829
389.5369567871094,2023-08-29 09:20:25.521891
388.76104736328125,2023-08-29 09:20:26.731663
389.2400207519531,2023-08-29 09:20:27.945112
390.1488037109375,2023-08-29 09:20:29.155395
390.6091003417969,2023-08-29 09:20:30.363142
390.3531799316406,2023-08-29 09:20:31.580910
389.77301025390625,2023-08-29 09:20:32.792020
389.2972106933594,2023-08-29 09:20:34.002216
389.59814453125,2023-08-29 09:20:35.210296
389.9798278808594,2023-08-29 09:20:36.418991
390.351318359375,2023-08-29 09:20:37.634011
390.5134582519531,2023-08-29 09:20:38.844849
390.7943115234375,2023-08-29 09:20:40.058865
390.4017028808594,2023-08-29 09:20:41.272885
389.46649169921875,2023-08-29 09:20:42.479312
389.8981018066406,2023-08-29 09:20:43.687582
390.5393981933594,2023-08-29 09:20:44.897234
389.3068542480469,2023-08-29 09:20:46.105493
388.4005432128906,2023-08-29 09:20:47.318026
386.8330078125,2023-08-29 09:20:48.529438
386.1267395019531,2023-08-29 09:20:49.742880
386.1082458496094,2023-08-29 09:20:50.950819
385.55023193359375,2023-08-29 09:20:52.159033
385.05523681640625,2023-08-29 09:20:53.369413
384.30816650390625,2023-08-29 09:20:54.579956
325.7602844238281,2023-08-29 09:20:55.790447
250.3802032470703,2023-08-29 09:20:56.998719
178.78720092773438,2023-08-29 09:20:58.213922
121.89851379394531,2023-08-29 09:20:59.421971
89.07368469238281,2023-08-29 09:21:00.634706
46.8056755065918,2023-08-29 09:21:01.849493
35.46563720703125,2023-08-29 09:21:03.062895
30.767736434936523,2023-08-29 09:21:04.277471
27.40242576599121,2023-08-29 09:21:05.491182
25.69837760925293,2023-08-29 09:21:06.702665
22.97127342224121,2023-08-29 09:21:07.913234
24.71967124938965,2023-08-29 09:21:09.126691
26.4632625579834,2023-08-29 09:21:10.339971
27.866430282592773,2023-08-29 09:21:11.553914
27.825592041015625,2023-08-29 09:21:12.768968
27.71645164489746,2023-08-29 09:21:13.980376
27.592981338500977,2023-08-29 09:21:15.189642
27.504575729370117,2023-08-29 09:21:16.404890
27.81827163696289,2023-08-29 09:21:17.621045
31.931468963623047,2023-08-29 09:21:18.832028
34.73928451538086,2023-08-29 09:21:20.046434
38.867008209228516,2023-08-29 09:21:21.258711
73.66182708740234,2023-08-29 09:21:22.470658
169.39051818847656,2023-08-29 09:21:23.688561
186.21823120117188,2023-08-29 09:21:24.901481
221.5403289794922,2023-08-29 09:21:26.117138
249.91848754882812,2023-08-29 09:21:27.333215
291.3697814941406,2023-08-29 09:21:28.545148
348.2689208984375,2023-08-29 09:21:29.763275
369.9670104980469,2023-08-29 09:21:30.974495
373.6178283691406,2023-08-29 09:21:32.184761
384.5657653808594,2023-08-29 09:21:33.395470
386.3370361328125,2023-08-29 09:21:34.605126
374.06964111328125,2023-08-29 09:21:35.816207
374.7109680175781,2023-08-29 09:21:37.022040
375.4637145996094,2023-08-29 09:21:38.234651
377.04803466796875,2023-08-29 09:21:39.440616
377.4683532714844,2023-08-29 09:21:40.654585
376.487548828125,2023-08-29 09:21:41.867031
375.5501708984375,2023-08-29 09:21:43.082451
375.6907043457031,2023-08-29 09:21:44.294499
375.3570861816406,2023-08-29 09:21:45.508664
373.0535888671875,2023-08-29 09:21:46.720585
371.7174072265625,2023-08-29 09:21:47.936981
369.7690124511719,2023-08-29 09:21:49.150656
368.73016357421875,2023-08-29 09:21:50.365554
368.20391845703125,2023-08-29 09:21:51.576802
366.5040283203125,2023-08-29 09:21:52.787658
366.0564880371094,2023-08-29 09:21:54.001309
365.700927734375,2023-08-29 09:21:55.217579
364.837158203125,2023-08-29 09:21:56.429644
363.52532958984375,2023-08-29 09:21:57.637638
363.4828796386719,2023-08-29 09:21:58.847146
363.3871765136719,2023-08-29 09:22:00.058202
363.11083984375,2023-08-29 09:22:01.270209
362.66192626953125,2023-08-29 09:22:02.481143
362.095947265625,2023-08-29 09:22:03.701032
361.7039794921875,2023-08-29 09:22:04.915622
361.98822021484375,2023-08-29 09:22:06.125721
361.54296875,2023-08-29 09:22:07.335803
360.16033935546875,2023-08-29 09:22:08.544838
235.57347106933594,2023-08-29 09:22:09.758470
174.95773315429688,2023-08-29 09:22:10.968852
125.9192123413086,2023-08-29 09:22:12.183533
91.09009552001953,2023-08-29 09:22:13.396722
44.10615921020508,2023-08-29 09:22:14.603695
33.94800567626953,2023-08-29 09:22:15.816553
26.606237411499023,2023-08-29 09:22:17.032305
22.31382179260254,2023-08-29 09:22:18.245660
19.489721298217773,2023-08-29 09:22:19.457151
15.036844253540039,2023-08-29 09:22:20.669887
14.74899673461914,2023-08-29 09:22:21.881814
14.044034004211426,2023-08-29 09:22:23.095911
13.326869010925293,2023-08-29 09:22:24.306562
12.618831634521484,2023-08-29 09:22:25.523026
11.71522045135498,2023-08-29 09:22:26.737422
11.452459335327148,2023-08-29 09:22:27.951712
11.241561889648438,2023-08-29 09:22:29.166380
11.441902160644531,2023-08-29 09:22:30.382783
11.801312446594238,2023-08-29 09:22:31.594968
11.910216331481934,2023-08-29 09:22:32.807514
12.019018173217773,2023-08-29 09:22:34.018428
12.181486129760742,2023-08-29 09:22:35.229035
55.84663009643555,2023-08-29 09:22:36.441806
165.93280029296875,2023-08-29 09:22:37.656285
213.1139373779297,2023-08-29 09:22:38.872209
249.44219970703125,2023-08-29 09:22:40.081841
270.5572509765625,2023-08-29 09:22:41.293002
281.7835388183594,2023-08-29 09:22:42.504977
313.9065246582031,2023-08-29 09:22:43.720338
327.2541198730469,2023-08-29 09:22:44.930307
335.2782287597656,2023-08-29 09:22:46.147019
337.3275146484375,2023-08-29 09:22:47.363403
336.8964538574219,2023-08-29 09:22:48.572935
341.029296875,2023-08-29 09:22:49.790374
338.1671142578125,2023-08-29 09:22:51.000318
335.8232421875,2023-08-29 09:22:52.211669
333.2038269042969,2023-08-29 09:22:53.427127
335.5418701171875,2023-08-29 09:22:54.634681
336.37872314453125,2023-08-29 09:22:55.845026
337.6569519042969,2023-08-29 09:22:57.059317
337.4557189941406,2023-08-29 09:22:58.270248
337.19580078125,2023-08-29 09:22:59.481949
337.2265319824219,2023-08-29 09:23:00.692478
337.29083251953125,2023-08-29 09:23:01.911634
337.3129577636719,2023-08-29 09:23:03.123745
336.55645751953125,2023-08-29 09:23:04.332470
336.1297302246094,2023-08-29 09:23:05.546113
335.8502502441406,2023-08-29 09:23:06.757772
335.46356201171875,2023-08-29 09:23:07.972846
334.7513427734375,2023-08-29 09:23:09.186985
334.3370056152344,2023-08-29 09:23:10.401051
333.30609130859375,2023-08-29 09:23:11.611572
333.5655517578125,2023-08-29 09:23:12.822007
332.82415771484375,2023-08-29 09:23:14.031920
331.9206848144531,2023-08-29 09:23:15.244435
331.0456848144531,2023-08-29 09:23:16.453323
328.9947204589844,2023-08-29 09:23:17.664454
328.6209411621094,2023-08-29 09:23:18.876528
328.30841064453125,2023-08-29 09:23:20.089878
327.8618469238281,2023-08-29 09:23:21.303811
326.888671875,2023-08-29 09:23:22.519731
327.1572265625,2023-08-29 09:23:23.730615
326.908935546875,2023-08-29 09:23:24.941244
326.1964416503906,2023-08-29 09:23:26.152746
325.64251708984375,2023-08-29 09:23:27.366285
323.9833068847656,2023-08-29 09:23:28.582730
323.4615783691406,2023-08-29 09:23:29.794134
323.3811950683594,2023-08-29 09:23:31.002416
323.31463623046875,2023-08-29 09:23:32.212079
322.9670104980469,2023-08-29 09:23:33.427971
322.8829040527344,2023-08-29 09:23:34.642600
323.2533874511719,2023-08-29 09:23:35.852821
323.3246765136719,2023-08-29 09:23:37.064785
323.48883056640625,2023-08-29 09:23:38.273172
323.2222595214844,2023-08-29 09:23:39.485003
323.1413269042969,2023-08-29 09:23:40.692956
322.7234191894531,2023-08-29 09:23:41.908204
322.8524475097656,2023-08-29 09:23:43.120153
322.3905029296875,2023-08-29 09:23:44.332467
323.48419189453125,2023-08-29 09:23:45.541876
323.83160400390625,2023-08-29 09:23:46.753570
324.35504150390625,2023-08-29 09:23:47.964591
324.17413330078125,2023-08-29 09:23:49.178580
324.0317687988281,2023-08-29 09:23:50.391939
323.9242248535156,2023-08-29 09:23:51.609422
324.9353332519531,2023-08-29 09:23:52.832661
295.3327941894531,2023-08-29 09:23:54.049594
228.5496826171875,2023-08-29 09:23:55.260989
120.73565673828125,2023-08-29 09:23:56.475557
85.687255859375,2023-08-29 09:23:57.688473
61.25672912597656,2023-08-29 09:23:58.903838
45.189605712890625,2023-08-29 09:24:00.114343
34.5499267578125,2023-08-29 09:24:01.324049
25.671489715576172,2023-08-29 09:24:02.535762
23.428340911865234,2023-08-29 09:24:03.743797
22.64542579650879,2023-08-29 09:24:04.953847
20.07844352722168,2023-08-29 09:24:06.162917
19.352834701538086,2023-08-29 09:24:07.379677
22.457258224487305,2023-08-29 09:24:08.593793
22.387401580810547,2023-08-29 09:24:09.803956
22.507036209106445,2023-08-29 09:24:11.015721
22.596481323242188,2023-08-29 09:24:12.232487
22.540109634399414,2023-08-29 09:24:13.440670
22.415477752685547,2023-08-29 09:24:14.651609
37.93781280517578,2023-08-29 09:24:15.863462
89.64894104003906,2023-08-29 09:24:17.080459
143.32321166992188,2023-08-29 09:24:18.291992
203.2143096923828,2023-08-29 09:24:19.508491
226.8887481689453,2023-08-29 09:24:20.716060
255.25924682617188,2023-08-29 09:24:21.934550
285.88922119140625,2023-08-29 09:24:23.142883
300.7667541503906,2023-08-29 09:24:24.353360
301.25115966796875,2023-08-29 09:24:25.565161
304.136474609375,2023-08-29 09:24:26.828783
304.0103454589844,2023-08-29 09:24:28.037614
303.2608337402344,2023-08-29 09:24:29.247646
298.38409423828125,2023-08-29 09:24:30.463330
294.42327880859375,2023-08-29 09:24:31.675627
290.6152648925781,2023-08-29 09:24:32.887850
288.8557434082031,2023-08-29 09:24:34.103252
289.1793518066406,2023-08-29 09:24:35.314974
289.0116271972656,2023-08-29 09:24:36.530838
289.22406005859375,2023-08-29 09:24:37.747040
289.63397216796875,2023-08-29 09:24:38.962248
290.068603515625,2023-08-29 09:24:40.172608
291.1430358886719,2023-08-29 09:24:41.388930
292.0715026855469,2023-08-29 09:24:42.603814
292.5677795410156,2023-08-29 09:24:43.820961
292.3006286621094,2023-08-29 09:24:45.037555
292.7952575683594,2023-08-29 09:24:46.256223
306.5129089355469,2023-08-29 09:24:47.474138
316.1495056152344,2023-08-29 09:24:48.685681
329.28509521484375,2023-08-29 09:24:49.897450
347.07080078125,2023-08-29 09:24:51.112391
392.1834716796875,2023-08-29 09:24:52.326490
410.980224609375,2023-08-29 09:24:53.537039
419.2501525878906,2023-08-29 09:24:54.744255
430.6595764160156,2023-08-29 09:24:55.959521
433.0660400390625,2023-08-29 09:24:57.175370
434.4235534667969,2023-08-29 09:24:58.385402
435.58599853515625,2023-08-29 09:24:59.595850
438.510986328125,2023-08-29 09:25:00.808090
441.24798583984375,2023-08-29 09:25:02.024173
443.6348571777344,2023-08-29 09:25:03.235839
442.91552734375,2023-08-29 09:25:04.455187
438.4359130859375,2023-08-29 09:25:05.670282
433.9364013671875,2023-08-29 09:25:06.882089
427.8231506347656,2023-08-29 09:25:08.093045
418.89398193359375,2023-08-29 09:25:09.307575
416.9002380371094,2023-08-29 09:25:10.519107
413.5333251953125,2023-08-29 09:25:11.731418
411.6482849121094,2023-08-29 09:25:12.946072
409.1505126953125,2023-08-29 09:25:14.153708
405.61370849609375,2023-08-29 09:25:15.364092
403.4482116699219,2023-08-29 09:25:16.577414
401.33599853515625,2023-08-29 09:25:17.817040
400.41278076171875,2023-08-29 09:25:19.034227
399.0564270019531,2023-08-29 09:25:20.249934
398.02410888671875,2023-08-29 09:25:21.464613
399.1527099609375,2023-08-29 09:25:22.677887
399.025634765625,2023-08-29 09:25:23.888139
399.16912841796875,2023-08-29 09:25:25.100736
398.5462646484375,2023-08-29 09:25:26.315410
399.4245300292969,2023-08-29 09:25:27.527844
399.6954040527344,2023-08-29 09:25:28.740764
339.8864440917969,2023-08-29 09:25:29.953962
253.4260711669922,2023-08-29 09:25:31.164643
121.15839385986328,2023-08-29 09:25:32.374717
80.2474136352539,2023-08-29 09:25:33.586756
51.675479888916016,2023-08-29 09:25:34.800822
35.74706268310547,2023-08-29 09:25:36.012243
24.404897689819336,2023-08-29 09:25:37.225782
15.748023986816406,2023-08-29 09:25:38.439191
13.333837509155273,2023-08-29 09:25:39.655664
12.800374031066895,2023-08-29 09:25:40.872842
13.279255867004395,2023-08-29 09:25:42.085936
14.267888069152832,2023-08-29 09:25:43.293490
14.311168670654297,2023-08-29 09:25:44.502309
15.197127342224121,2023-08-29 09:25:45.719099
15.697434425354004,2023-08-29 09:25:46.934817
15.727760314941406,2023-08-29 09:25:48.144819
14.96678638458252,2023-08-29 09:25:49.360833
14.436870574951172,2023-08-29 09:25:50.574941
28.535160064697266,2023-08-29 09:25:51.787580
86.15408325195312,2023-08-29 09:25:53.003400
128.52935791015625,2023-08-29 09:25:54.219281
148.36045837402344,2023-08-29 09:25:55.435498
154.41049194335938,2023-08-29 09:25:56.653609
190.20933532714844,2023-08-29 09:25:57.868098
230.1095428466797,2023-08-29 09:25:59.078429
309.3525390625,2023-08-29 09:26:00.289104
328.0304260253906,2023-08-29 09:26:01.499997
340.27130126953125,2023-08-29 09:26:02.715678
351.65325927734375,2023-08-29 09:26:03.925947
349.83514404296875,2023-08-29 09:26:05.140073
358.1708984375,2023-08-29 09:26:06.350261
359.34893798828125,2023-08-29 09:26:07.561528
358.8572998046875,2023-08-29 09:26:08.770163
358.3725891113281,2023-08-29 09:26:09.989652
361.7901306152344,2023-08-29 09:26:11.208226
359.67987060546875,2023-08-29 09:26:12.422355
359.2813415527344,2023-08-29 09:26:13.634704
359.7054443359375,2023-08-29 09:26:14.846294
359.13037109375,2023-08-29 09:26:16.056470
358.09405517578125,2023-08-29 09:26:17.269670
357.8773193359375,2023-08-29 09:26:18.488065
358.0856628417969,2023-08-29 09:26:19.698948
357.69140625,2023-08-29 09:26:20.912792
357.6456604003906,2023-08-29 09:26:22.127976
358.86785888671875,2023-08-29 09:26:23.338240
359.2231750488281,2023-08-29 09:26:24.552989
359.401123046875,2023-08-29 09:26:25.767347
358.8845520019531,2023-08-29 09:26:26.982395
358.89385986328125,2023-08-29 09:26:28.193927
358.5987548828125,2023-08-29 09:26:29.405830
358.6098937988281,2023-08-29 09:26:30.622436
357.9744873046875,2023-08-29 09:26:31.835283
357.4257507324219,2023-08-29 09:26:33.044815
356.577392578125,2023-08-29 09:26:34.257553
356.3784484863281,2023-08-29 09:26:35.473997
356.0118713378906,2023-08-29 09:26:36.689521
356.14337158203125,2023-08-29 09:26:37.904116
355.8840637207031,2023-08-29 09:26:39.115015
328.47906494140625,2023-08-29 09:26:40.322727
245.75543212890625,2023-08-29 09:26:41.536905
175.06248474121094,2023-08-29 09:26:42.749561
118.85211944580078,2023-08-29 09:26:43.964199
56.47163391113281,2023-08-29 09:26:45.178659
37.79132080078125,2023-08-29 09:26:46.392830
26.260881423950195,2023-08-29 09:26:47.602064
19.25910186767578,2023-08-29 09:26:48.817037
14.381186485290527,2023-08-29 09:26:50.033585
9.98972225189209,2023-08-29 09:26:51.245851
8.481134414672852,2023-08-29 09:26:52.456580
8.973069190979004,2023-08-29 09:26:53.672539
9.580801963806152,2023-08-29 09:26:54.888398
10.457683563232422,2023-08-29 09:26:56.098612
11.16042709350586,2023-08-29 09:26:57.312210
11.635068893432617,2023-08-29 09:26:58.525170
23.49920654296875,2023-08-29 09:26:59.743269
85.59738159179688,2023-08-29 09:27:00.955188
196.7051544189453,2023-08-29 09:27:02.165461
220.77279663085938,2023-08-29 09:27:03.384647
240.9870147705078,2023-08-29 09:27:04.600012
249.35220336914062,2023-08-29 09:27:05.812206
262.67071533203125,2023-08-29 09:27:07.026562
309.2029724121094,2023-08-29 09:27:08.245363
322.51446533203125,2023-08-29 09:27:09.462294
329.8212890625,2023-08-29 09:27:10.678846
334.99951171875,2023-08-29 09:27:11.894428
342.3128356933594,2023-08-29 09:27:13.106820
342.482421875,2023-08-29 09:27:14.321623
354.9062194824219,2023-08-29 09:27:15.531727
361.0426025390625,2023-08-29 09:27:16.743039
357.8969421386719,2023-08-29 09:27:17.951675
353.0359802246094,2023-08-29 09:27:19.168505
353.1818542480469,2023-08-29 09:27:20.385605
351.9676208496094,2023-08-29 09:27:21.600134
350.7724304199219,2023-08-29 09:27:22.813275
346.87005615234375,2023-08-29 09:27:24.025562
344.7123107910156,2023-08-29 09:27:25.238750
342.76025390625,2023-08-29 09:27:26.451413
342.1413879394531,2023-08-29 09:27:27.664138
341.3998107910156,2023-08-29 09:27:28.879644
339.592041015625,2023-08-29 09:27:30.096672
338.66949462890625,2023-08-29 09:27:31.309686
338.4118957519531,2023-08-29 09:27:32.522345
338.3445129394531,2023-08-29 09:27:33.732327
338.18829345703125,2023-08-29 09:27:34.942738
337.4356384277344,2023-08-29 09:27:36.156662
336.7917175292969,2023-08-29 09:27:37.372483
335.7165832519531,2023-08-29 09:27:38.587034
335.4225769042969,2023-08-29 09:27:39.797686
335.6910095214844,2023-08-29 09:27:41.007691
335.3013916015625,2023-08-29 09:27:42.223799
334.9801330566406,2023-08-29 09:27:43.440186
334.2829895019531,2023-08-29 09:27:44.653247
333.5809631347656,2023-08-29 09:27:45.866751
331.3847351074219,2023-08-29 09:27:47.080503
330.53192138671875,2023-08-29 09:27:48.290375
329.656982421875,2023-08-29 09:27:49.500185
328.8817138671875,2023-08-29 09:27:50.708565
327.8097839355469,2023-08-29 09:27:51.928615
326.46295166015625,2023-08-29 09:27:53.141282
326.4972229003906,2023-08-29 09:27:54.357995
326.4486083984375,2023-08-29 09:27:55.570137
325.5054016113281,2023-08-29 09:27:56.779321
323.53533935546875,2023-08-29 09:27:57.994887
322.45391845703125,2023-08-29 09:27:59.210776
322.14898681640625,2023-08-29 09:28:00.423664
321.7090148925781,2023-08-29 09:28:01.637438
321.7117004394531,2023-08-29 09:28:02.847511
320.6681823730469,2023-08-29 09:28:04.065164
320.6960144042969,2023-08-29 09:28:05.282179
320.7571716308594,2023-08-29 09:28:06.495228
260.78045654296875,2023-08-29 09:28:07.708230
138.1090545654297,2023-08-29 09:28:08.922560
97.45304107666016,2023-08-29 09:28:10.133078
73.45252990722656,2023-08-29 09:28:11.343898
52.00642395019531,2023-08-29 09:28:12.557264
40.065067291259766,2023-08-29 09:28:13.767364
29.18246078491211,2023-08-29 09:28:14.981073
28.112815856933594,2023-08-29 09:28:16.191254
23.945850372314453,2023-08-29 09:28:17.402917
22.250688552856445,2023-08-29 09:28:18.613903
21.123506546020508,2023-08-29 09:28:19.826939
19.591217041015625,2023-08-29 09:28:21.040598
19.359355926513672,2023-08-29 09:28:22.256157
18.95179557800293,2023-08-29 09:28:23.465767
18.631807327270508,2023-08-29 09:28:24.681675
18.052907943725586,2023-08-29 09:28:25.892694
17.47528648376465,2023-08-29 09:28:27.110782
16.696590423583984,2023-08-29 09:28:28.325362
16.001535415649414,2023-08-29 09:28:29.541671
15.544990539550781,2023-08-29 09:28:30.756282
14.783665657043457,2023-08-29 09:28:31.970258
14.360434532165527,2023-08-29 09:28:33.183726
14.025192260742188,2023-08-29 09:28:34.398906
13.719724655151367,2023-08-29 09:28:35.607396
13.767215728759766,2023-08-29 09:28:36.820908
14.176474571228027,2023-08-29 09:28:38.036200
14.44937801361084,2023-08-29 09:28:39.248013
15.993636131286621,2023-08-29 09:28:40.463832
17.092660903930664,2023-08-29 09:28:41.674331
79.27101135253906,2023-08-29 09:28:42.890312
132.3494873046875,2023-08-29 09:28:44.106237
187.3939208984375,2023-08-29 09:28:45.321804
208.13787841796875,2023-08-29 09:28:46.532847
222.92776489257812,2023-08-29 09:28:47.746346
234.43394470214844,2023-08-29 09:28:48.962434
244.93565368652344,2023-08-29 09:28:50.175434
265.0745849609375,2023-08-29 09:28:51.393177
279.6439514160156,2023-08-29 09:28:52.606000
290.7860412597656,2023-08-29 09:28:53.817415
297.39117431640625,2023-08-29 09:28:55.035863
299.8257141113281,2023-08-29 09:28:56.252662
312.6685485839844,2023-08-29 09:28:57.470704
316.5494079589844,2023-08-29 09:28:58.684944
322.4179382324219,2023-08-29 09:28:59.904607
320.1688232421875,2023-08-29 09:29:01.119587
317.75152587890625,2023-08-29 09:29:02.336062
317.05316162109375,2023-08-29 09:29:03.549185
314.7983703613281,2023-08-29 09:29:04.761212
311.8662414550781,2023-08-29 09:29:05.975638
310.1081237792969,2023-08-29 09:29:07.184772
308.87384033203125,2023-08-29 09:29:08.397839
307.953125,2023-08-29 09:29:09.613414
306.9660949707031,2023-08-29 09:29:10.825218
306.554931640625,2023-08-29 09:29:12.042483
305.8785705566406,2023-08-29 09:29:13.253652
304.8076477050781,2023-08-29 09:29:14.468917
303.91949462890625,2023-08-29 09:29:15.683625
302.9211120605469,2023-08-29 09:29:16.892748
302.94671630859375,2023-08-29 09:29:18.111817
303.04840087890625,2023-08-29 09:29:19.321276
302.7375183105469,2023-08-29 09:29:20.538369
302.10052490234375,2023-08-29 09:29:21.754139
301.6389465332031,2023-08-29 09:29:22.964967
301.1853942871094,2023-08-29 09:29:24.175515
300.8478698730469,2023-08-29 09:29:25.390433
300.66766357421875,2023-08-29 09:29:26.601519
300.5739440917969,2023-08-29 09:29:27.817907
300.0550231933594,2023-08-29 09:29:29.033261
299.5842590332031,2023-08-29 09:29:30.250334
299.23388671875,2023-08-29 09:29:31.459434
299.5050354003906,2023-08-29 09:29:32.672375
300.207763671875,2023-08-29 09:29:33.884840
300.5577392578125,2023-08-29 09:29:35.100847
300.2876281738281,2023-08-29 09:29:36.310133
300.36114501953125,2023-08-29 09:29:37.517718
298.85693359375,2023-08-29 09:29:38.730081
295.7884826660156,2023-08-29 09:29:39.945690
295.01824951171875,2023-08-29 09:29:41.166257
293.9527282714844,2023-08-29 09:29:42.379001
293.48968505859375,2023-08-29 09:29:43.587867
292.8619079589844,2023-08-29 09:29:44.798871
292.6903381347656,2023-08-29 09:29:46.006656
293.183837890625,2023-08-29 09:29:47.221344
293.53887939453125,2023-08-29 09:29:48.432281
293.56268310546875,2023-08-29 09:29:49.646783
294.3824462890625,2023-08-29 09:29:50.857849
294.4518127441406,2023-08-29 09:29:52.077182
294.83880615234375,2023-08-29 09:29:53.287290
294.9847412109375,2023-08-29 09:29:54.494944
295.9547119140625,2023-08-29 09:29:55.710994
296.1484680175781,2023-08-29 09:29:56.924491
296.1006164550781,2023-08-29 09:29:58.136362
295.9156494140625,2023-08-29 09:29:59.350082
295.91802978515625,2023-08-29 09:30:00.560510
297.9365234375,2023-08-29 09:30:01.776695
298.4610900878906,2023-08-29 09:30:02.988506
299.646484375,2023-08-29 09:30:04.202525
300.7127685546875,2023-08-29 09:30:05.411314
301.3582763671875,2023-08-29 09:30:06.622583
301.35260009765625,2023-08-29 09:30:07.836983
301.6831970214844,2023-08-29 09:30:09.046838
301.7197570800781,2023-08-29 09:30:10.265841
301.30657958984375,2023-08-29 09:30:11.481705
299.4333190917969,2023-08-29 09:30:12.695732
298.6090393066406,2023-08-29 09:30:13.908236
297.769287109375,2023-08-29 09:30:15.122161
297.1993713378906,2023-08-29 09:30:16.335067
296.2735595703125,2023-08-29 09:30:17.552947
295.037841796875,2023-08-29 09:30:18.766065
294.7940979003906,2023-08-29 09:30:19.976375
294.6954040527344,2023-08-29 09:30:21.185725
294.5189208984375,2023-08-29 09:30:22.397621
294.32232666015625,2023-08-29 09:30:23.608434
293.57330322265625,2023-08-29 09:30:24.824913
293.38836669921875,2023-08-29 09:30:26.039946
293.2190246582031,2023-08-29 09:30:27.257043
292.9063720703125,2023-08-29 09:30:28.465981
291.07275390625,2023-08-29 09:30:29.679069
290.0867004394531,2023-08-29 09:30:30.894771
289.1241760253906,2023-08-29 09:30:32.108121
288.1385192871094,2023-08-29 09:30:33.319620
287.9567565917969,2023-08-29 09:30:34.530244
287.4448547363281,2023-08-29 09:30:35.740002
287.5841064453125,2023-08-29 09:30:36.952574
287.36181640625,2023-08-29 09:30:38.163341
286.91217041015625,2023-08-29 09:30:39.378646
286.9723815917969,2023-08-29 09:30:40.588706
285.9211120605469,2023-08-29 09:30:41.801105
285.2996520996094,2023-08-29 09:30:43.014214
285.18438720703125,2023-08-29 09:30:44.227237
284.6335754394531,2023-08-29 09:30:45.442946
283.3647155761719,2023-08-29 09:30:46.662331
282.6796569824219,2023-08-29 09:30:47.873343
282.0733642578125,2023-08-29 09:30:49.092824
281.9515075683594,2023-08-29 09:30:50.308741
282.6698913574219,2023-08-29 09:30:51.523367
282.8094482421875,2023-08-29 09:30:52.737339
282.4028625488281,2023-08-29 09:30:53.948022
281.7541809082031,2023-08-29 09:30:55.156447
281.45654296875,2023-08-29 09:30:56.371715
280.4870300292969,2023-08-29 09:30:57.587682
280.8335266113281,2023-08-29 09:30:58.803018
280.7734680175781,2023-08-29 09:31:00.010461
280.8851623535156,2023-08-29 09:31:01.224603
280.8197326660156,2023-08-29 09:31:02.437519
281.36053466796875,2023-08-29 09:31:03.652520
281.3113098144531,2023-08-29 09:31:04.861438
281.4456481933594,2023-08-29 09:31:06.073965
281.26910400390625,2023-08-29 09:31:07.290158
281.22088623046875,2023-08-29 09:31:08.504536
279.8592529296875,2023-08-29 09:31:09.712763
278.9390869140625,2023-08-29 09:31:10.926364
278.8013916015625,2023-08-29 09:31:12.139179
278.498779296875,2023-08-29 09:31:13.351371
278.0995178222656,2023-08-29 09:31:14.568325
277.9571533203125,2023-08-29 09:31:15.779543
277.28521728515625,2023-08-29 09:31:16.992438
277.0155029296875,2023-08-29 09:31:18.206031
277.06903076171875,2023-08-29 09:31:19.417302
277.551513671875,2023-08-29 09:31:20.628356
277.5758972167969,2023-08-29 09:31:21.839960
278.0316162109375,2023-08-29 09:31:23.049822
278.5487365722656,2023-08-29 09:31:24.263909
279.3120422363281,2023-08-29 09:31:25.482768
280.066650390625,2023-08-29 09:31:26.697396
279.8891906738281,2023-08-29 09:31:27.912023
279.7615661621094,2023-08-29 09:31:29.131404
279.2451477050781,2023-08-29 09:31:30.342926
278.5578918457031,2023-08-29 09:31:31.552232
278.8738708496094,2023-08-29 09:31:32.770318
279.13629150390625,2023-08-29 09:31:33.984573
279.6281433105469,2023-08-29 09:31:35.197851
279.9822082519531,2023-08-29 09:31:36.412602
279.6213684082031,2023-08-29 09:31:37.630510
278.7587585449219,2023-08-29 09:31:38.851609
278.840576171875,2023-08-29 09:31:40.067095
278.245849609375,2023-08-29 09:31:41.283441
277.4853210449219,2023-08-29 09:31:42.499368
277.2433776855469,2023-08-29 09:31:43.711775
276.757080078125,2023-08-29 09:31:44.927636
276.17535400390625,2023-08-29 09:31:46.139873
276.01904296875,2023-08-29 09:31:47.350120
275.56182861328125,2023-08-29 09:31:48.567818
275.0623779296875,2023-08-29 09:31:49.776768
274.62908935546875,2023-08-29 09:31:50.989285
274.15869140625,2023-08-29 09:31:52.205966
274.03570556640625,2023-08-29 09:31:53.419329
274.0321044921875,2023-08-29 09:31:54.631765
274.3028869628906,2023-08-29 09:31:55.844416
274.2200012207031,2023-08-29 09:31:57.057809
274.0238952636719,2023-08-29 09:31:58.266871
273.5922546386719,2023-08-29 09:31:59.485581
273.62249755859375,2023-08-29 09:32:00.700331
273.4194641113281,2023-08-29 09:32:01.914104
273.69964599609375,2023-08-29 09:32:03.128003
273.3978576660156,2023-08-29 09:32:04.343484
272.6553649902344,2023-08-29 09:32:05.557939
272.04803466796875,2023-08-29 09:32:06.771040
270.6116638183594,2023-08-29 09:32:07.986861
269.4735107421875,2023-08-29 09:32:09.204696
268.64892578125,2023-08-29 09:32:10.419836
267.2289733886719,2023-08-29 09:32:11.630764
266.4840087890625,2023-08-29 09:32:12.845068
265.9749755859375,2023-08-29 09:32:14.056179
265.0133972167969,2023-08-29 09:32:15.276837
264.3836364746094,2023-08-29 09:32:16.492858
264.3033752441406,2023-08-29 09:32:17.708009
263.7783203125,2023-08-29 09:32:18.919936
263.3252868652344,2023-08-29 09:32:20.135141
262.8502197265625,2023-08-29 09:32:21.352282
258.8094482421875,2023-08-29 09:32:22.567705
257.36798095703125,2023-08-29 09:32:23.776802
256.0226135253906,2023-08-29 09:32:24.989471
254.51319885253906,2023-08-29 09:32:26.204529
236.03536987304688,2023-08-29 09:32:27.417127
234.88311767578125,2023-08-29 09:32:28.632043
236.54652404785156,2023-08-29 09:32:29.845881
239.19015502929688,2023-08-29 09:32:31.063328
242.94381713867188,2023-08-29 09:32:32.279994
247.99810791015625,2023-08-29 09:32:33.492638
248.5640411376953,2023-08-29 09:32:34.712452
251.61282348632812,2023-08-29 09:32:35.929235
254.05665588378906,2023-08-29 09:32:37.143290
259.9276428222656,2023-08-29 09:32:38.359644
262.74017333984375,2023-08-29 09:32:39.576060
263.3999328613281,2023-08-29 09:32:40.789429
263.7129821777344,2023-08-29 09:32:42.004455
263.8110046386719,2023-08-29 09:32:43.217816
264.4734802246094,2023-08-29 09:32:44.435134
264.30035400390625,2023-08-29 09:32:45.647540
264.4546813964844,2023-08-29 09:32:46.860925
264.2718505859375,2023-08-29 09:32:48.077889
264.0049743652344,2023-08-29 09:32:49.293998
265.2293395996094,2023-08-29 09:32:50.506776
265.7394104003906,2023-08-29 09:32:51.719473
266.46319580078125,2023-08-29 09:32:52.934321
267.38189697265625,2023-08-29 09:32:54.146246
269.7608337402344,2023-08-29 09:32:55.357667
270.8250427246094,2023-08-29 09:32:56.573021
272.0177307128906,2023-08-29 09:32:57.788352
273.0813903808594,2023-08-29 09:32:59.004413
274.54962158203125,2023-08-29 09:33:00.214947
276.032470703125,2023-08-29 09:33:01.426290
276.4972839355469,2023-08-29 09:33:02.643021
277.3252258300781,2023-08-29 09:33:03.852835
277.46551513671875,2023-08-29 09:33:05.070406
277.5442810058594,2023-08-29 09:33:06.283080
276.9621276855469,2023-08-29 09:33:07.501305
276.591064453125,2023-08-29 09:33:08.723597
275.72454833984375,2023-08-29 09:33:09.943031
274.7007751464844,2023-08-29 09:33:11.156108
274.2027893066406,2023-08-29 09:33:12.368273
273.5759582519531,2023-08-29 09:33:13.581845
272.6632385253906,2023-08-29 09:33:14.829657
271.76568603515625,2023-08-29 09:33:16.043113
271.1144104003906,2023-08-29 09:33:17.255468
270.4924621582031,2023-08-29 09:33:18.474877
270.18426513671875,2023-08-29 09:33:19.694636
269.75555419921875,2023-08-29 09:33:20.912426
270.03173828125,2023-08-29 09:33:22.122539
268.9299011230469,2023-08-29 09:33:23.332578
268.80120849609375,2023-08-29 09:33:24.545316
268.2845153808594,2023-08-29 09:33:25.755287
268.5179748535156,2023-08-29 09:33:26.973582
268.3587951660156,2023-08-29 09:33:28.186342
267.4684143066406,2023-08-29 09:33:29.399446
266.9937744140625,2023-08-29 09:33:30.617780
266.3805236816406,2023-08-29 09:33:31.831059
265.6069641113281,2023-08-29 09:33:33.042571
265.2252502441406,2023-08-29 09:33:34.254601
265.02679443359375,2023-08-29 09:33:35.469113
265.213623046875,2023-08-29 09:33:36.685697
265.3494873046875,2023-08-29 09:33:37.898742
265.1935119628906,2023-08-29 09:33:39.112618
264.9880065917969,2023-08-29 09:33:40.327459
265.1653137207031,2023-08-29 09:33:41.540720
265.3469543457031,2023-08-29 09:33:42.753748
265.13690185546875,2023-08-29 09:33:43.967963
264.6664123535156,2023-08-29 09:33:45.178534
264.29278564453125,2023-08-29 09:33:46.388232
263.84930419921875,2023-08-29 09:33:47.598789
263.0522155761719,2023-08-29 09:33:48.812673
262.173583984375,2023-08-29 09:33:50.028535
260.9338684082031,2023-08-29 09:33:51.244125
260.84466552734375,2023-08-29 09:33:52.459818
260.7979431152344,2023-08-29 09:33:53.671498
260.6878662109375,2023-08-29 09:33:54.892358
260.2625732421875,2023-08-29 09:33:56.109675
258.3404235839844,2023-08-29 09:33:57.323876
257.1014709472656,2023-08-29 09:33:58.538791
255.64805603027344,2023-08-29 09:33:59.756212
253.98545837402344,2023-08-29 09:34:00.974655
252.51431274414062,2023-08-29 09:34:02.193170
250.2884521484375,2023-08-29 09:34:03.412062
249.68043518066406,2023-08-29 09:34:04.625735
248.85244750976562,2023-08-29 09:34:05.841020
248.30624389648438,2023-08-29 09:34:07.058862
247.2789764404297,2023-08-29 09:34:08.276281
246.66000366210938,2023-08-29 09:34:09.489701
246.25367736816406,2023-08-29 09:34:10.706902
245.9513397216797,2023-08-29 09:34:11.920979
245.620361328125,2023-08-29 09:34:13.135685
244.78050231933594,2023-08-29 09:34:14.346482
244.79881286621094,2023-08-29 09:34:15.557983
244.54869079589844,2023-08-29 09:34:16.773861
244.27447509765625,2023-08-29 09:34:17.986781
243.68994140625,2023-08-29 09:34:19.204311
243.83892822265625,2023-08-29 09:34:20.417780
243.7267303466797,2023-08-29 09:34:21.628402
243.59939575195312,2023-08-29 09:34:22.842063
243.9406280517578,2023-08-29 09:34:24.054539
245.0574188232422,2023-08-29 09:34:25.276004
245.99266052246094,2023-08-29 09:34:26.485762
246.3248748779297,2023-08-29 09:34:27.697672
246.4492645263672,2023-08-29 09:34:28.913934
246.16226196289062,2023-08-29 09:34:30.129168
245.36599731445312,2023-08-29 09:34:31.345437
245.29998779296875,2023-08-29 09:34:32.557214
245.35504150390625,2023-08-29 09:34:33.769646
245.24160766601562,2023-08-29 09:34:34.984675
244.5118865966797,2023-08-29 09:34:36.201031
244.3443145751953,2023-08-29 09:34:37.414257
244.0774383544922,2023-08-29 09:34:38.629293
243.83522033691406,2023-08-29 09:34:39.840855
243.79273986816406,2023-08-29 09:34:41.057191
243.12271118164062,2023-08-29 09:34:42.274346
242.99307250976562,2023-08-29 09:34:43.488586
242.50625610351562,2023-08-29 09:34:44.699474
242.32949829101562,2023-08-29 09:34:45.917671
242.56089782714844,2023-08-29 09:34:47.133993
243.14987182617188,2023-08-29 09:34:48.349800
243.5552978515625,2023-08-29 09:34:49.564704
243.93360900878906,2023-08-29 09:34:50.779616
244.11778259277344,2023-08-29 09:34:51.989847
244.60781860351562,2023-08-29 09:34:53.199021
244.36734008789062,2023-08-29 09:34:54.414203
243.80467224121094,2023-08-29 09:34:55.626161
243.68194580078125,2023-08-29 09:34:56.838420
243.55169677734375,2023-08-29 09:34:58.051996
242.89219665527344,2023-08-29 09:34:59.264827
242.6061248779297,2023-08-29 09:35:00.486112
242.4617156982422,2023-08-29 09:35:01.702490
242.22329711914062,2023-08-29 09:35:02.916029
241.95516967773438,2023-08-29 09:35:04.128518
241.86669921875,2023-08-29 09:35:05.342636
241.78074645996094,2023-08-29 09:35:06.557369
241.6546630859375,2023-08-29 09:35:07.776418
241.28782653808594,2023-08-29 09:35:08.985424
240.48326110839844,2023-08-29 09:35:10.198091
239.77743530273438,2023-08-29 09:35:11.411802
237.7786102294922,2023-08-29 09:35:12.626880
237.48141479492188,2023-08-29 09:35:13.840626
237.50201416015625,2023-08-29 09:35:15.056358
238.5420684814453,2023-08-29 09:35:16.274453
238.952880859375,2023-08-29 09:35:17.486246
239.29811096191406,2023-08-29 09:35:18.700007
239.33016967773438,2023-08-29 09:35:19.912387
239.9335174560547,2023-08-29 09:35:21.125987
239.82623291015625,2023-08-29 09:35:22.337111
239.50254821777344,2023-08-29 09:35:23.550126
238.93643188476562,2023-08-29 09:35:24.760892
238.1229705810547,2023-08-29 09:35:25.974479
237.45362854003906,2023-08-29 09:35:27.187913
237.06114196777344,2023-08-29 09:35:28.400359
235.95741271972656,2023-08-29 09:35:29.618342
235.07357788085938,2023-08-29 09:35:30.832012
234.76541137695312,2023-08-29 09:35:32.048838
234.3251495361328,2023-08-29 09:35:33.265926
234.31275939941406,2023-08-29 09:35:34.479160
234.0288543701172,2023-08-29 09:35:35.692880
233.82235717773438,2023-08-29 09:35:36.907265
233.5712432861328,2023-08-29 09:35:38.125726
233.50643920898438,2023-08-29 09:35:39.340112
233.1717071533203,2023-08-29 09:35:40.552439
232.52696228027344,2023-08-29 09:35:41.766278
231.8621368408203,2023-08-29 09:35:42.981022
231.41482543945312,2023-08-29 09:35:44.197851
231.87469482421875,2023-08-29 09:35:45.412508
232.31861877441406,2023-08-29 09:35:46.629576
232.6986541748047,2023-08-29 09:35:47.845580
234.3101043701172,2023-08-29 09:35:49.063041
234.61550903320312,2023-08-29 09:35:50.277370
234.4298095703125,2023-08-29 09:35:51.493340
234.48912048339844,2023-08-29 09:35:52.709380
234.20162963867188,2023-08-29 09:35:53.924051
234.28758239746094,2023-08-29 09:35:55.136023
233.4679718017578,2023-08-29 09:35:56.352523
232.46243286132812,2023-08-29 09:35:57.568626
230.898193359375,2023-08-29 09:35:58.786653
230.0375518798828,2023-08-29 09:36:00.004304
228.40821838378906,2023-08-29 09:36:01.218387
228.137451171875,2023-08-29 09:36:02.437350
227.7725372314453,2023-08-29 09:36:03.648582
227.52426147460938,2023-08-29 09:36:04.867007
226.30154418945312,2023-08-29 09:36:06.083169
225.53826904296875,2023-08-29 09:36:07.295020
224.8019256591797,2023-08-29 09:36:08.506908
224.42691040039062,2023-08-29 09:36:09.720800
224.63055419921875,2023-08-29 09:36:10.941279
225.2767333984375,2023-08-29 09:36:12.153258
227.17100524902344,2023-08-29 09:36:13.371291
230.2613067626953,2023-08-29 09:36:14.590193
231.68923950195312,2023-08-29 09:36:15.806958
232.90821838378906,2023-08-29 09:36:17.029303
234.1924591064453,2023-08-29 09:36:18.245686
234.89920043945312,2023-08-29 09:36:19.460544
235.266357421875,2023-08-29 09:36:20.677302
235.3743438720703,2023-08-29 09:36:21.895536
235.75469970703125,2023-08-29 09:36:23.107523
235.34976196289062,2023-08-29 09:36:24.324413
235.20594787597656,2023-08-29 09:36:25.539397
235.26104736328125,2023-08-29 09:36:26.758702
235.20574951171875,2023-08-29 09:36:27.981099
234.48928833007812,2023-08-29 09:36:29.197495
234.44976806640625,2023-08-29 09:36:30.409736
234.28622436523438,2023-08-29 09:36:31.628402
233.6364288330078,2023-08-29 09:36:32.843061
232.46688842773438,2023-08-29 09:36:34.060562
231.8314971923828,2023-08-29 09:36:35.273113
231.5077667236328,2023-08-29 09:36:36.486969
231.1425323486328,2023-08-29 09:36:37.698720
230.86521911621094,2023-08-29 09:36:38.915684
230.0745849609375,2023-08-29 09:36:40.131379
229.7183837890625,2023-08-29 09:36:41.343188
229.44403076171875,2023-08-29 09:36:42.559418
228.79400634765625,2023-08-29 09:36:43.778737
228.6155242919922,2023-08-29 09:36:44.996989
227.92637634277344,2023-08-29 09:36:46.214789
228.1880645751953,2023-08-29 09:36:47.433845
228.21661376953125,2023-08-29 09:36:48.651113
228.42202758789062,2023-08-29 09:36:49.867920
227.26980590820312,2023-08-29 09:36:51.083320
226.63446044921875,2023-08-29 09:36:52.299825
225.94374084472656,2023-08-29 09:36:53.516166
224.87608337402344,2023-08-29 09:36:54.728830
224.49130249023438,2023-08-29 09:36:55.944655
223.54766845703125,2023-08-29 09:36:57.156944
222.95858764648438,2023-08-29 09:36:58.366891
222.2833251953125,2023-08-29 09:36:59.580661
221.6518096923828,2023-08-29 09:37:00.800808
220.81390380859375,2023-08-29 09:37:02.018122
220.69503784179688,2023-08-29 09:37:03.229986
220.52735900878906,2023-08-29 09:37:04.444382
219.97865295410156,2023-08-29 09:37:05.658189
219.33448791503906,2023-08-29 09:37:06.869690
219.05123901367188,2023-08-29 09:37:08.080207
219.26966857910156,2023-08-29 09:37:09.294075
219.00453186035156,2023-08-29 09:37:10.510026
218.53147888183594,2023-08-29 09:37:11.724213
217.9967803955078,2023-08-29 09:37:12.935154
216.8815155029297,2023-08-29 09:37:14.147097
216.72544860839844,2023-08-29 09:37:15.361068
216.5221405029297,2023-08-29 09:37:16.574222
216.44082641601562,2023-08-29 09:37:17.783350
215.97622680664062,2023-08-29 09:37:18.996936
216.1695098876953,2023-08-29 09:37:20.216494
216.12582397460938,2023-08-29 09:37:21.432744
216.23590087890625,2023-08-29 09:37:22.643659
216.33187866210938,2023-08-29 09:37:23.862271
217.53396606445312,2023-08-29 09:37:25.075989
217.6744384765625,2023-08-29 09:37:26.291958
217.61293029785156,2023-08-29 09:37:27.508988
217.6581268310547,2023-08-29 09:37:28.721813
217.45643615722656,2023-08-29 09:37:29.934764
217.8777313232422,2023-08-29 09:37:31.148362
218.1151580810547,2023-08-29 09:37:32.365416
218.25611877441406,2023-08-29 09:37:33.579726
219.4776611328125,2023-08-29 09:37:34.799530
221.3274688720703,2023-08-29 09:37:36.016127
222.3689727783203,2023-08-29 09:37:37.234549
223.08901977539062,2023-08-29 09:37:38.452906
223.2699737548828,2023-08-29 09:37:39.668382
223.50070190429688,2023-08-29 09:37:40.885846
223.56442260742188,2023-08-29 09:37:42.100293
223.2724609375,2023-08-29 09:37:43.313262
223.5006866455078,2023-08-29 09:37:44.526056
224.0544891357422,2023-08-29 09:37:45.739006
224.98648071289062,2023-08-29 09:37:46.953223
224.8256378173828,2023-08-29 09:37:48.168910
224.3043975830078,2023-08-29 09:37:49.384932
223.71023559570312,2023-08-29 09:37:50.604258
222.8753204345703,2023-08-29 09:37:51.817674
221.84263610839844,2023-08-29 09:37:53.032336
221.32070922851562,2023-08-29 09:37:54.247433
220.19509887695312,2023-08-29 09:37:55.459674
218.86929321289062,2023-08-29 09:37:56.676144
216.7539825439453,2023-08-29 09:37:57.887640
215.72377014160156,2023-08-29 09:37:59.108681
214.23619079589844,2023-08-29 09:38:00.324229
213.01275634765625,2023-08-29 09:38:01.540608
212.52073669433594,2023-08-29 09:38:02.756977
211.5093231201172,2023-08-29 09:38:03.976410
211.08668518066406,2023-08-29 09:38:05.194584
210.8426971435547,2023-08-29 09:38:06.409113
210.58229064941406,2023-08-29 09:38:07.623975
210.22512817382812,2023-08-29 09:38:08.841700
209.52984619140625,2023-08-29 09:38:10.057705
209.31097412109375,2023-08-29 09:38:11.268363
209.0263214111328,2023-08-29 09:38:12.489341
208.63201904296875,2023-08-29 09:38:13.705602
209.26141357421875,2023-08-29 09:38:14.921533
209.80813598632812,2023-08-29 09:38:16.138727
210.48533630371094,2023-08-29 09:38:17.353254
210.881103515625,2023-08-29 09:38:18.567512
211.9189910888672,2023-08-29 09:38:19.783065
213.3539581298828,2023-08-29 09:38:20.998914
213.6604766845703,2023-08-29 09:38:22.217262
213.6742706298828,2023-08-29 09:38:23.432951
213.69146728515625,2023-08-29 09:38:24.647786
213.26861572265625,2023-08-29 09:38:25.862587
213.45169067382812,2023-08-29 09:38:27.075596
213.38076782226562,2023-08-29 09:38:28.294371
213.53541564941406,2023-08-29 09:38:29.505322
213.4824676513672,2023-08-29 09:38:30.725384
212.37034606933594,2023-08-29 09:38:31.943487
211.57350158691406,2023-08-29 09:38:33.156504
210.8132781982422,2023-08-29 09:38:34.372086
210.43409729003906,2023-08-29 09:38:35.592744
210.92803955078125,2023-08-29 09:38:36.804702
211.44029235839844,2023-08-29 09:38:38.019535
211.7519989013672,2023-08-29 09:38:39.236925
212.3203582763672,2023-08-29 09:38:40.446958
212.74559020996094,2023-08-29 09:38:41.663417
213.16152954101562,2023-08-29 09:38:42.876593
213.67662048339844,2023-08-29 09:38:44.090638
213.65750122070312,2023-08-29 09:38:45.305558
213.9832000732422,2023-08-29 09:38:46.521046
213.92379760742188,2023-08-29 09:38:47.737094
213.1238555908203,2023-08-29 09:38:48.952996
213.11305236816406,2023-08-29 09:38:50.169081
213.1570281982422,2023-08-29 09:38:51.387996
213.0222625732422,2023-08-29 09:38:52.601306
212.39907836914062,2023-08-29 09:38:53.817432
212.2736053466797,2023-08-29 09:38:55.033239
212.26528930664062,2023-08-29 09:38:56.251320
212.45474243164062,2023-08-29 09:38:57.465284
212.38418579101562,2023-08-29 09:38:58.684605
211.54901123046875,2023-08-29 09:38:59.897724
211.68624877929688,2023-08-29 09:39:01.111582
211.43853759765625,2023-08-29 09:39:02.329853
211.13125610351562,2023-08-29 09:39:03.546277
210.4228515625,2023-08-29 09:39:04.761695
210.1457977294922,2023-08-29 09:39:05.977464
210.50405883789062,2023-08-29 09:39:07.194103
210.593017578125,2023-08-29 09:39:08.410399
210.8036346435547,2023-08-29 09:39:09.625072
211.44276428222656,2023-08-29 09:39:10.835513
211.56057739257812,2023-08-29 09:39:12.053138
211.43380737304688,2023-08-29 09:39:13.268799
211.01817321777344,2023-08-29 09:39:14.488414
209.83489990234375,2023-08-29 09:39:15.703412
209.54351806640625,2023-08-29 09:39:16.916777
209.52532958984375,2023-08-29 09:39:18.135543
209.0812530517578,2023-08-29 09:39:19.353677
208.65655517578125,2023-08-29 09:39:20.567254
207.51791381835938,2023-08-29 09:39:21.781750
206.82615661621094,2023-08-29 09:39:23.007533
206.0218048095703,2023-08-29 09:39:24.227802
205.04127502441406,2023-08-29 09:39:25.438390
204.26893615722656,2023-08-29 09:39:26.654218
203.19883728027344,2023-08-29 09:39:27.866388
202.90731811523438,2023-08-29 09:39:29.083219
202.2113800048828,2023-08-29 09:39:30.298314
202.31385803222656,2023-08-29 09:39:31.513075
202.39932250976562,2023-08-29 09:39:32.723979
202.49769592285156,2023-08-29 09:39:33.933114
202.54136657714844,2023-08-29 09:39:35.145703
202.31227111816406,2023-08-29 09:39:36.358692
201.95396423339844,2023-08-29 09:39:37.572295
202.26463317871094,2023-08-29 09:39:38.790782
202.5565185546875,2023-08-29 09:39:40.009989
202.6593475341797,2023-08-29 09:39:41.221512
202.9488525390625,2023-08-29 09:39:42.442361
204.76806640625,2023-08-29 09:39:43.657318
205.286376953125,2023-08-29 09:39:44.874188
204.76712036132812,2023-08-29 09:39:46.094065
203.8542022705078,2023-08-29 09:39:47.312062
203.08486938476562,2023-08-29 09:39:48.526621
201.1153564453125,2023-08-29 09:39:49.742849
200.3445587158203,2023-08-29 09:39:50.958964
199.88279724121094,2023-08-29 09:39:52.174459
199.20701599121094,2023-08-29 09:39:53.385243
198.6200714111328,2023-08-29 09:39:54.605335
197.63682556152344,2023-08-29 09:39:55.826087
197.14675903320312,2023-08-29 09:39:57.041350
196.4026336669922,2023-08-29 09:39:58.259769
196.2344512939453,2023-08-29 09:39:59.471810
195.47328186035156,2023-08-29 09:40:00.692766
195.52084350585938,2023-08-29 09:40:01.910114
195.60935974121094,2023-08-29 09:40:03.130406
195.6651153564453,2023-08-29 09:40:04.349601
195.82620239257812,2023-08-29 09:40:05.566413
195.38916015625,2023-08-29 09:40:06.782538
194.90318298339844,2023-08-29 09:40:08.001722
194.32264709472656,2023-08-29 09:40:09.217536
194.1027069091797,2023-08-29 09:40:10.436413
194.80404663085938,2023-08-29 09:40:11.727251
195.1448516845703,2023-08-29 09:40:12.944404
195.76263427734375,2023-08-29 09:40:14.158888
195.9771270751953,2023-08-29 09:40:15.373469
196.1783447265625,2023-08-29 09:40:16.589013
195.98577880859375,2023-08-29 09:40:17.807188
195.8179931640625,2023-08-29 09:40:19.020120
195.4492645263672,2023-08-29 09:40:20.233665
195.4181365966797,2023-08-29 09:40:21.449720
195.18341064453125,2023-08-29 09:40:22.666734
195.57948303222656,2023-08-29 09:40:23.880081
196.05870056152344,2023-08-29 09:40:25.092698
196.22671508789062,2023-08-29 09:40:26.309955
196.5309600830078,2023-08-29 09:40:27.531398
197.19256591796875,2023-08-29 09:40:28.748753
198.49307250976562,2023-08-29 09:40:29.966518
199.86373901367188,2023-08-29 09:40:31.184559
201.03993225097656,2023-08-29 09:40:32.398540
202.203857421875,2023-08-29 09:40:33.619554
202.554443359375,2023-08-29 09:40:34.836113
202.64154052734375,2023-08-29 09:40:36.051929
203.14385986328125,2023-08-29 09:40:37.267610
203.33682250976562,2023-08-29 09:40:38.486468
203.26361083984375,2023-08-29 09:40:39.701377
203.15122985839844,2023-08-29 09:40:40.921183
202.697998046875,2023-08-29 09:40:42.168333
202.50575256347656,2023-08-29 09:40:43.388610
201.76712036132812,2023-08-29 09:40:44.609653
201.31866455078125,2023-08-29 09:40:45.828034
200.9250946044922,2023-08-29 09:40:47.044643
200.43504333496094,2023-08-29 09:40:48.263641
199.87158203125,2023-08-29 09:40:49.482166
198.61634826660156,2023-08-29 09:40:50.699783
198.2884979248047,2023-08-29 09:40:51.920326
198.1419677734375,2023-08-29 09:40:53.140847
198.30630493164062,2023-08-29 09:40:54.358724
197.9449462890625,2023-08-29 09:40:55.578873
197.75555419921875,2023-08-29 09:40:56.799139
197.79342651367188,2023-08-29 09:40:58.014761
197.5862274169922,2023-08-29 09:40:59.230677
197.5282745361328,2023-08-29 09:41:00.448551
196.99293518066406,2023-08-29 09:41:01.670019
196.41702270507812,2023-08-29 09:41:02.888055
195.78131103515625,2023-08-29 09:41:04.110045
195.43553161621094,2023-08-29 09:41:05.327738
195.99151611328125,2023-08-29 09:41:06.543432
196.12217712402344,2023-08-29 09:41:07.763867
196.1361083984375,2023-08-29 09:41:08.980629
196.4034423828125,2023-08-29 09:41:10.198603
196.76165771484375,2023-08-29 09:41:11.417698
197.37158203125,2023-08-29 09:41:12.632179
197.666015625,2023-08-29 09:41:13.850209
197.64694213867188,2023-08-29 09:41:15.071647
197.83245849609375,2023-08-29 09:41:16.287348
198.0374755859375,2023-08-29 09:41:17.507725
198.32870483398438,2023-08-29 09:41:18.724481
198.1847686767578,2023-08-29 09:41:19.939071
197.6283721923828,2023-08-29 09:41:21.162235
197.28826904296875,2023-08-29 09:41:22.378075
196.70907592773438,2023-08-29 09:41:23.595670
195.7329559326172,2023-08-29 09:41:24.812211
194.68710327148438,2023-08-29 09:41:26.030894
194.47543334960938,2023-08-29 09:41:27.248578
194.33285522460938,2023-08-29 09:41:28.469251
193.9820556640625,2023-08-29 09:41:29.682245
193.54144287109375,2023-08-29 09:41:30.899642
192.7832794189453,2023-08-29 09:41:32.114161
191.76771545410156,2023-08-29 09:41:33.325332
190.41549682617188,2023-08-29 09:41:34.543434
189.79443359375,2023-08-29 09:41:35.760234
188.9379425048828,2023-08-29 09:41:36.969713
187.9153594970703,2023-08-29 09:41:38.186713
186.8444061279297,2023-08-29 09:41:39.404711
184.98675537109375,2023-08-29 09:41:40.623091
184.37701416015625,2023-08-29 09:41:41.845589
183.94952392578125,2023-08-29 09:41:43.061474
183.6949920654297,2023-08-29 09:41:44.279756
183.06248474121094,2023-08-29 09:41:45.503313
182.4723663330078,2023-08-29 09:41:46.724816
181.73712158203125,2023-08-29 09:41:47.940627
181.01104736328125,2023-08-29 09:41:49.162491
180.3151397705078,2023-08-29 09:41:50.377432
179.8333740234375,2023-08-29 09:41:51.590919
179.50917053222656,2023-08-29 09:41:52.809896
179.44308471679688,2023-08-29 09:41:54.022680
179.74888610839844,2023-08-29 09:41:55.234338
180.27182006835938,2023-08-29 09:41:56.453671
180.64707946777344,2023-08-29 09:41:57.668287
181.36329650878906,2023-08-29 09:41:58.887597
181.65599060058594,2023-08-29 09:42:00.105462
181.81002807617188,2023-08-29 09:42:01.322662
181.42337036132812,2023-08-29 09:42:02.543889
180.9875946044922,2023-08-29 09:42:03.760066
180.89761352539062,2023-08-29 09:42:04.975601
180.74063110351562,2023-08-29 09:42:06.190986
180.3596649169922,2023-08-29 09:42:07.414193
180.468017578125,2023-08-29 09:42:08.628187
180.2281951904297,2023-08-29 09:42:09.843624
179.88082885742188,2023-08-29 09:42:11.064039
179.31910705566406,2023-08-29 09:42:12.282893
178.42669677734375,2023-08-29 09:42:13.503673
178.1772003173828,2023-08-29 09:42:14.719918
178.00050354003906,2023-08-29 09:42:15.932644
177.76011657714844,2023-08-29 09:42:17.153334
177.00967407226562,2023-08-29 09:42:18.368862
176.96299743652344,2023-08-29 09:42:19.584847
177.19754028320312,2023-08-29 09:42:20.807023
177.8009796142578,2023-08-29 09:42:22.025683
178.24359130859375,2023-08-29 09:42:23.241709
179.1425323486328,2023-08-29 09:42:24.461165
179.27786254882812,2023-08-29 09:42:25.677200
179.51971435546875,2023-08-29 09:42:26.893511
179.86590576171875,2023-08-29 09:42:28.111408
180.39947509765625,2023-08-29 09:42:29.327467
180.9822235107422,2023-08-29 09:42:30.544367
180.78826904296875,2023-08-29 09:42:31.758935
180.56613159179688,2023-08-29 09:42:32.974846
180.3803253173828,2023-08-29 09:42:34.190913
180.1353302001953,2023-08-29 09:42:35.407961
180.23680114746094,2023-08-29 09:42:36.621806
180.45252990722656,2023-08-29 09:42:37.842922
180.53848266601562,2023-08-29 09:42:39.060343
180.7108154296875,2023-08-29 09:42:40.271331
180.28924560546875,2023-08-29 09:42:41.492979
180.0719451904297,2023-08-29 09:42:42.710392
180.06497192382812,2023-08-29 09:42:43.928157
179.92481994628906,2023-08-29 09:42:45.145624
179.9235382080078,2023-08-29 09:42:46.364021
179.6836395263672,2023-08-29 09:42:47.583079
179.23211669921875,2023-08-29 09:42:48.798865
179.02828979492188,2023-08-29 09:42:50.015844
178.7203369140625,2023-08-29 09:42:51.234049
177.92538452148438,2023-08-29 09:42:52.448830
177.95022583007812,2023-08-29 09:42:53.663097
178.0836181640625,2023-08-29 09:42:54.882201
177.86785888671875,2023-08-29 09:42:56.096750
177.22682189941406,2023-08-29 09:42:57.314305
176.5821075439453,2023-08-29 09:42:58.526807
175.706787109375,2023-08-29 09:42:59.742923
174.92613220214844,2023-08-29 09:43:00.959900
174.38475036621094,2023-08-29 09:43:02.172805
172.64529418945312,2023-08-29 09:43:03.392085
171.94686889648438,2023-08-29 09:43:04.606961
171.47610473632812,2023-08-29 09:43:05.822488
170.98497009277344,2023-08-29 09:43:07.039839
170.64450073242188,2023-08-29 09:43:08.260863
170.03164672851562,2023-08-29 09:43:09.480603
169.8783721923828,2023-08-29 09:43:10.695310
169.8061981201172,2023-08-29 09:43:11.905719
169.3081512451172,2023-08-29 09:43:13.120001
168.29788208007812,2023-08-29 09:43:14.338806
167.90292358398438,2023-08-29 09:43:15.555775
167.5202178955078,2023-08-29 09:43:16.772931
167.0585174560547,2023-08-29 09:43:17.985332
166.45413208007812,2023-08-29 09:43:19.204546
165.4846954345703,2023-08-29 09:43:20.418729
164.71336364746094,2023-08-29 09:43:21.638713
164.10275268554688,2023-08-29 09:43:22.858162
163.2835235595703,2023-08-29 09:43:24.075777
162.11766052246094,2023-08-29 09:43:25.295191
161.76536560058594,2023-08-29 09:43:26.512638
161.85874938964844,2023-08-29 09:43:27.726987
161.89749145507812,2023-08-29 09:43:28.943025
162.25570678710938,2023-08-29 09:43:30.157055
162.82794189453125,2023-08-29 09:43:31.370319
163.3111572265625,2023-08-29 09:43:32.583866
163.58547973632812,2023-08-29 09:43:33.803438
163.78782653808594,2023-08-29 09:43:35.020495
163.97775268554688,2023-08-29 09:43:36.237189
164.2355194091797,2023-08-29 09:43:37.454919
164.52053833007812,2023-08-29 09:43:38.672558
164.9120330810547,2023-08-29 09:43:39.882568
165.374267578125,2023-08-29 09:43:41.099193
165.95826721191406,2023-08-29 09:43:42.313631
166.50694274902344,2023-08-29 09:43:43.528743
167.2460174560547,2023-08-29 09:43:44.741895
167.6642608642578,2023-08-29 09:43:45.961759
167.6106719970703,2023-08-29 09:43:47.173510
166.79115295410156,2023-08-29 09:43:48.385882
165.64517211914062,2023-08-29 09:43:49.601476
164.26516723632812,2023-08-29 09:43:50.815239
162.6490478515625,2023-08-29 09:43:52.031718
159.4584503173828,2023-08-29 09:43:53.242847
158.35479736328125,2023-08-29 09:43:54.462639
157.4569091796875,2023-08-29 09:43:55.677607
156.65664672851562,2023-08-29 09:43:56.886463
155.8848114013672,2023-08-29 09:43:58.105828
154.00552368164062,2023-08-29 09:43:59.322496
153.0940704345703,2023-08-29 09:44:00.545335
152.07843017578125,2023-08-29 09:44:01.761368
150.9546661376953,2023-08-29 09:44:02.977863
148.86500549316406,2023-08-29 09:44:04.196192
147.80519104003906,2023-08-29 09:44:05.412454
146.79647827148438,2023-08-29 09:44:06.629299
145.93263244628906,2023-08-29 09:44:07.850517
145.018310546875,2023-08-29 09:44:09.067683
143.828857421875,2023-08-29 09:44:10.283744
143.6717987060547,2023-08-29 09:44:11.507730
144.25424194335938,2023-08-29 09:44:12.725243
144.8018798828125,2023-08-29 09:44:13.938214
145.73818969726562,2023-08-29 09:44:15.160348
147.2093963623047,2023-08-29 09:44:16.372706
148.03688049316406,2023-08-29 09:44:17.595865
148.6790771484375,2023-08-29 09:44:18.811925
149.01702880859375,2023-08-29 09:44:20.027704
